store_name,address,nickname,content,cleaned_content,tokenized_words,sentiment,sentiment_score
대왕암공원,울산 동구 등대로 95,0306keum,"<대왕암>꽃무릇이 반겨주고, 해안산책로를 따라 바다절경을 감상할 수 있어요. 출렁다리를 따라 걷다 보면 짜릿한 바다감상을 할 수 있고 용굴 등 해안 침식으로 멋진 굴과 바위들을 볼 수 있어요.대왕암 아치가 보이는 곳에서 포토존 놓치지 마시고 울가등대도 너무 멋집니다. 수국철이나 맥문동이 피는 여름철 방문도 너무 좋을 것 같아요.주차는 유료이고 1일 최대요금은 10,000원이므로 참고하세요.","대왕암꽃무릇이 반겨주고, 해안산책로를 따라 바다절경을 감상할 수 있어요. 출렁다리를 따라 걷다 보면 짜릿한 바다감상을 할 수 있고 용굴 등 해안 침식으로 멋진 굴과 바위들을 볼 수 있어요.대왕암 아치가 보이는 곳에서 포토존 놓치지 마시고 울가등대도 너무 멋집니다. 수국철이나 맥문동이 피는 여름철 방문도 너무 좋을 것 같아요.주차는 유료이고 1일 최대요금은 10,000원이므로 참고하세요.","['대왕암', '꽃무릇', '해안', '산책로', '바다', '절경', '감상', '있다', '다리', '짜릿하다', '바다', '감상', '있다', '용굴', '해안', '침식', '멋지다', '바위', '있다', '대왕암', '아치', '포토', '등대도', '멋지다', '국철', '맥문동', '여름철', '방문', '좋다', '같다', '주차', '유료', '최대', '요금', '참고']",Positive,0.964983344078064
대왕암공원,울산 동구 등대로 95,쩡쩡이에요,매번와도 너무 좋은 대왕암공원 소나무길울창하고 높은 소나무 숲 사이로 산책하면 힐링 제대로에요 !계절별로 꽃도 많고 가을에는 꽃은 없지만 푸르른 꽃무릇 덕분에 뷰 굉장히 좋아요 ㅎㅎ 주차장쪽 단풍도 끝내줬어요♡,매번와도 너무 좋은 대왕암공원 소나무길울창하고 높은 소나무 숲 사이로 산책하면 힐링 제대로에요 !계절별로 꽃도 많고 가을에는 꽃은 없지만 푸르른 꽃무릇 덕분에 뷰 굉장히 좋아요 ㅎㅎ 주차장쪽 단풍도 끝내줬어요,"['매번', '좋다', '대왕암', '공원', '소나무', '울창', '높다', '소나무', '사이', '산책', '힐링', '제대로', '계절', '별로', '많다', '가을', '없다', '푸르른', '꽃무릇', '덕분', '굉장하다', '좋다', '주차장', '단풍', '끝내주다']",Positive,0.9737913608551025
대왕암공원,울산 동구 등대로 95,디용핑,"🚨울산 울기등대 등대스탬프투어(아름다운 등대)🗓일자: 20250906(토)⏱️시간: 매주 월요일 휴무, 하절기(4-10월) 09:00 - 18:00, 동절기(11-3월) 09:00 - 17:00📍난도: ★★★☆☆🚘네비: 울기등대(울기등대1주차장) (티맵 기준)🅿️주차: 대왕암공원 유료주차장(1시간47분 주차 900원 카드결제완료)⚓️운항: 승선안함🚢요금: 승선안함👣스탬프함: 대왕암공원을 진입하여, 산책로를 지나, 울기등대(구)등탑 앞 스탬프 날인🚨불밝힌날: 1906년 03월 24일🚨등대정보: 울창한 송림이 우거진 울산의 끝에 건립되어, 선박의 이정표 역할, 대한민국 등록문화재 제106호로 지정된 옛 등대와 1987년 새로 건립된 현재의 등대 공존, 기암괴석과 해송숲이 어우러진 대왕암공원과","울산 울기등대 등대스탬프투어아름다운 등대일자 20250906토시간 매주 월요일 휴무, 하절기410월 0900 1800, 동절기113월 0900 1700난도 네비 울기등대울기등대1주차장 티맵 기준주차 대왕암공원 유료주차장1시간47분 주차 900원 카드결제완료운항 승선안함요금 승선안함스탬프함 대왕암공원을 진입하여, 산책로를 지나, 울기등대구등탑 앞 스탬프 날인불밝힌날 1906년 03월 24일등대정보 울창한 송림이 우거진 울산의 끝에 건립되어, 선박의 이정표 역할, 대한민국 등록문화재 제106호로 지정된 옛 등대와 1987년 새로 건립된 현재의 등대 공존, 기암괴석과 해송숲이 어우러진 대왕암공원과","['울산', '울기등대', '등대', '스탬', '프투', '아름답다', '등대', '일자', '토시', '월요일', '휴무', '하절', '절기', '난도', '울기등대', '울기등대', '주차장', '티맵', '기준', '주차', '대왕암', '공원', '유료', '주차장', '주차', '카드', '결제', '완료', '운항', '승선', '안함', '요금', '승선', '안함', '스탬프', '대왕암', '공원', '진입', '산책로', '지나', '울기등대', '구등', '스탬프', '날인', '울창', '송림', '울산', '건립', '선박', '이정표', '역할', '대한민국', '등록', '문화재', '호로', '지정', '등대', '새롭다', '건립', '현재', '등대', '공존', '괴석', '해송', '대왕암', '공원']",Positive,0.7823866009712219
대왕암공원,울산 동구 등대로 95,플레이스 TOP30 리뷰어 최해경,"울산 동구 대왕암공원에 다녀왔습니다. 여름 끝자락, 울창한 소나무 숲 아래 보랏빛 맥문동이 활짝 피어 장관을 이루고 있었습니다. 마치 보라색 물결이 산책로를 따라 흐르듯 펼쳐져 있어 걷는 내내 눈과 마음이 즐거웠습니다. 곳곳에서는 시민들과 관광객들이 가족, 연인, 친구와 함께 사진을 찍으며 추억을 남기고 있었고, 매미소리와 사람들의 웃음소리가 어우러져 더욱 정겨운 분위기를 자아냈습니다. 특히, 수십 년 세월을 품은 아름드리 소나무와 어우러진 맥문동 꽃길은 마치 한 폭의 수채화를 보는 듯해 감탄이 절로 나왔습니다. 도심 속에서도 이렇게 푸른 숲과 계절의 변화를 온전히 느낄 수 있는 곳이 가까이에 있다는 사실이 참 고마웠습니다. 잠시 일상을 내려놓고 자연의 선물 같은 풍경 속을 걸으며 마음까지 힐링할 수 있었다","울산 동구 대왕암공원에 다녀왔습니다. 여름 끝자락, 울창한 소나무 숲 아래 보랏빛 맥문동이 활짝 피어 장관을 이루고 있었습니다. 마치 보라색 물결이 산책로를 따라 흐르듯 펼쳐져 있어 걷는 내내 눈과 마음이 즐거웠습니다. 곳곳에서는 시민들과 관광객들이 가족, 연인, 친구와 함께 사진을 찍으며 추억을 남기고 있었고, 매미소리와 사람들의 웃음소리가 어우러져 더욱 정겨운 분위기를 자아냈습니다. 특히, 수십 년 세월을 품은 아름드리 소나무와 어우러진 맥문동 꽃길은 마치 한 폭의 수채화를 보는 듯해 감탄이 절로 나왔습니다. 도심 속에서도 이렇게 푸른 숲과 계절의 변화를 온전히 느낄 수 있는 곳이 가까이에 있다는 사실이 참 고마웠습니다. 잠시 일상을 내려놓고 자연의 선물 같은 풍경 속을 걸으며 마음까지 힐링할 수 있었다","['울산', '동구', '대왕암', '공원', '여름', '자락', '울창', '소나무', '아래', '보랏빛', '맥문동', '활짝', '피어', '장관', '있다', '마치', '보라색', '물결', '산책로', '있다', '내내', '마음', '즐겁다', '곳곳', '시민', '관광객', '가족', '연인', '친구', '사진', '추억', '있다', '매미', '소리', '사람', '웃음소리', '더욱', '정겨운', '분위기', '수십', '세월', '아름드리', '소나무', '맥문동', '길다', '마치', '수채화', '감탄', '절로', '도심', '푸른', '계절', '변화', '있다', '가까이', '있다', '사실', '고맙다', '잠시', '일상', '자연', '선물', '같다', '풍경', '마음', '힐링', '있다']",Positive,0.9619544148445129
대왕암공원,울산 동구 등대로 95,S놀러가S,대왕암까지 가는 산책로가 정말 잘 꾸며져 있어요 계절마다 피는 꽃들에 어르신들도 충분히 걸을만한 길이고 재미있게 수다떨며 사진 찍고 하다보니 풍경 사진을 하나도 못찍은점 출렁다리도 있고 체육시설도 있고해서 가까이 있는 주택가에서 운동하러 많이 오세요,대왕암까지 가는 산책로가 정말 잘 꾸며져 있어요 계절마다 피는 꽃들에 어르신들도 충분히 걸을만한 길이고 재미있게 수다떨며 사진 찍고 하다보니 풍경 사진을 하나도 못찍은점 출렁다리도 있고 체육시설도 있고해서 가까이 있는 주택가에서 운동하러 많이 오세요,"['대왕암', '산책로', '정말', '있다', '계절', '어르신', '충분하다', '길이', '재미있다', '수다', '사진', '풍경', '사진', '하나', '다리', '있다', '체육', '시설', '있다', '가까이', '있다', '주택가', '운동']",Positive,0.9695752263069153
대왕암공원,울산 동구 등대로 95,화명현대2차,3천원의 행복이네요실내 실외 전부 할수있는게 많아요가을 날씨에 체험하기 좋은것같아요👍5살 남자애기 잘놀고 갑니다 최고,3천원의 행복이네요실내 실외 전부 할수있는게 많아요가을 날씨에 체험하기 좋은것같아요5살 남자애기 잘놀고 갑니다 최고,"['행복', '실내', '실외', '전부', '많다', '가을', '날씨', '체험', '좋다', '같다', '남자', '애기', '최고']",Positive,0.9732475876808167
대왕암공원,울산 동구 등대로 95,pos****,"이곳은 문무왕의 왕비(자의왕후)가 죽어서도 나라를 지키는 용이 되겠다 하여 바위섬 아래에 묻혔다는 곳이다. 다만 감포의 문무대왕릉이 실제 장례가 치러졌던 장소라는 이런저런 증거가 남아 있는 것과 달리 이 곳이 정말 신라 자의왕후의 무덤인지 확실한 증거는 없고, 일종의 설화다.","이곳은 문무왕의 왕비자의왕후가 죽어서도 나라를 지키는 용이 되겠다 하여 바위섬 아래에 묻혔다는 곳이다. 다만 감포의 문무대왕릉이 실제 장례가 치러졌던 장소라는 이런저런 증거가 남아 있는 것과 달리 이 곳이 정말 신라 자의왕후의 무덤인지 확실한 증거는 없고, 일종의 설화다.","['문무왕', '왕비', '자의왕후', '나라', '용이', '바위', '아래', '다만', '포의', '문무대왕릉', '실제', '장례', '장소', '증거', '남아', '있다', '달리', '정말', '신라', '자의왕후', '무덤', '확실하다', '증거', '없다', '일종', '설화']",Positive,0.5512874126434326
대왕암공원,울산 동구 등대로 95,Silver777,"울산 동구 <대왕암공원>🚙주차장🚗: 평일 2시간 무료주차 / 주말•공휴일 20분 무료주차  단, 평일 2시간/주말•공휴일 20분 초과시 유료주차아름다운 맥문동&소나무 산책로가 있는 <대왕암공원>무료 체험이 가능한 출렁다리와 멋진 구름다리 아래끝없이 펼쳐진 바다를 보며 힐링할 수 있는 아름다운 바다🩵","울산 동구 대왕암공원주차장 평일 2시간 무료주차 주말공휴일 20분 무료주차 단, 평일 2시간주말공휴일 20분 초과시 유료주차아름다운 맥문동소나무 산책로가 있는 대왕암공원무료 체험이 가능한 출렁다리와 멋진 구름다리 아래끝없이 펼쳐진 바다를 보며 힐링할 수 있는 아름다운 바다","['울산', '동구', '대왕암', '공원', '주차장', '평일', '무료', '주차', '주말', '공휴일', '무료', '주차', '평일', '과시', '유료', '주차', '아름답다', '맥문동', '소나무', '산책로', '있다', '대왕암', '공원', '무료', '체험', '가능하다', '다리', '멋지다', '구름다리', '아래', '바다', '힐링', '있다', '아름답다', '바다']",Positive,0.9402806162834167
대왕암공원,울산 동구 등대로 95,유유호야,대왕암공원에 갔다가 산책하러 대왕암까지 갔었어요~ 아이들과 산책하기에도 좋고 경관도 좋아요^^,대왕암공원에 갔다가 산책하러 대왕암까지 갔었어요 아이들과 산책하기에도 좋고 경관도 좋아요,"['대왕암', '공원', '산책', '대왕암', '아이', '산책', '좋다', '경관', '좋다']",Positive,0.971295952796936
대왕암공원,울산 동구 등대로 95,모랑65,"지금 대왕암공원엔 맥문동 가득♡보기만해도 힐링~~나날이 발전하는 공원은15년전만해도 등대와 바다뿐이었는데어느날부터, 놀이터에 먹거리타운, 캠핑장까지볼거리도 놀거리도 가득해짐^^주차도 넉넉해, 걱정없이 방문할 수 있음","지금 대왕암공원엔 맥문동 가득보기만해도 힐링나날이 발전하는 공원은15년전만해도 등대와 바다뿐이었는데어느날부터, 놀이터에 먹거리타운, 캠핑장까지볼거리도 놀거리도 가득해짐주차도 넉넉해, 걱정없이 방문할 수 있음","['지금', '대왕암', '공원', '맥문동', '가득', '보기', '만해', '힐링', '나날이', '발전', '공원', '등대', '바다', '뿐이다', '놀이터', '먹거리', '타운', '캠핑장', '볼거리', '거리', '가득하다', '주차', '넉넉하다', '걱정', '방문', '있다']",Positive,0.9567198753356934
대왕암공원,울산 동구 등대로 95,아 별,너무 이쁩니다!바닷가라 시원하고바다와 어우러지는 바위들이 너무 멋집니다,너무 이쁩니다!바닷가라 시원하고바다와 어우러지는 바위들이 너무 멋집니다,"['이쁘다', '바닷가', '시원하다', '바다', '바위', '멋지다']",Positive,0.9732217788696289
대왕암공원,울산 동구 등대로 95,영국댁,울산 방문하시면 꼭 한번은 가야하는 곳이예요. 처음이라면 점심 드시고 출렁다리 건너고 대왕암쪽으로 걷는 30분 코스 추천해요. 다리가 많이 불편하시면 곧장 등대가 있는 등대코스가 좋아요. 화장실도 깨끗하고 정비가 아주 잘되어 있어요. ^^*,울산 방문하시면 꼭 한번은 가야하는 곳이예요. 처음이라면 점심 드시고 출렁다리 건너고 대왕암쪽으로 걷는 30분 코스 추천해요. 다리가 많이 불편하시면 곧장 등대가 있는 등대코스가 좋아요. 화장실도 깨끗하고 정비가 아주 잘되어 있어요.,"['울산', '방문', '한번', '가야', '처음', '라면', '점심', '다리', '대왕암', '코스', '추천', '다리', '불편하다', '곧장', '등대', '있다', '등대', '코스', '좋다', '화장실', '깨끗하다', '정비', '아주', '있다']",Positive,0.9654422402381897
대왕암공원,울산 동구 등대로 95,먹고즐기러가보자요,"🎈일산해수욕장 들렀다 근처라 울기등대도 볼겸 오게 됐어요(　＾▽＾)대왕암공원 입구에 조성된 7m 높이의 거대한 용을 형상화한 미르놀이터를 지나 송림길을 지나면 출렁다리가 보여요 바다 위 ⛱️ 가장 긴 출렁다리라고 하네요✨️위치는 햇개비~수루방 ✨️길이는 303m✨️운영시간은 09:00~18:00(♦️17:40분 마지막 입장)✨️휴장일: 매월 둘째 주 화요일, 추석.설날 당일🎈간절곶과 함께 해가 가장 빨리 뜨는 바위섬이예요저는 여기 몇 번 왔는데도 힐링되고 좋아요💕기회되면 해안선을 따라 슬도까지 이어지는 바닷가길을 걸으며 시원한 바람과 파도 소리 들으며 걷고 싶네용 (* ´ ∇ ｀ )ﾉ🎈주차장 근처에는 모든것이 놀이인 ✨️울산시립 어린이 테마파크도 있어서 즐길거리가 많아용25*8*11(월) 톡톡","일산해수욕장 들렀다 근처라 울기등대도 볼겸 오게 됐어요 대왕암공원 입구에 조성된 7m 높이의 거대한 용을 형상화한 미르놀이터를 지나 송림길을 지나면 출렁다리가 보여요 바다 위 가장 긴 출렁다리라고 하네요위치는 햇개비수루방 길이는 303m운영시간은 090018001740분 마지막 입장휴장일 매월 둘째 주 화요일, 추석.설날 당일간절곶과 함께 해가 가장 빨리 뜨는 바위섬이예요저는 여기 몇 번 왔는데도 힐링되고 좋아요기회되면 해안선을 따라 슬도까지 이어지는 바닷가길을 걸으며 시원한 바람과 파도 소리 들으며 걷고 싶네용 주차장 근처에는 모든것이 놀이인 울산시립 어린이 테마파크도 있어서 즐길거리가 많아용25811월 톡톡","['일산', '해수욕장', '근처', '울기등대', '볼겸', '대왕암', '공원', '입구', '조성', '높이', '거대하다', '형상', '미르', '놀이터', '지나', '송림', '다리', '바다', '가장', '다리', '위치', '비수', '루방', '길이', '운영', '시간', '마지막', '입장', '휴장', '매월', '둘째', '화요일', '추석', '설날', '간절곶', '가장', '바위', '여기', '힐링', '좋다', '기회', '해안선', '슬도', '바닷가', '시원하다', '바람', '파도', '소리', '주차장', '근처', '놀이', '울산', '시립', '어린이', '테마', '파크', '있다', '거리', '많다', '톡톡']",Positive,0.956680953502655
대왕암공원,울산 동구 등대로 95,플레이스 TOP30 리뷰어 최해경,"공원 깊숙이 들어서면 신라 문무대왕의 왕비가 죽은 후 호국룡이 되어 바다로 들어갔다는 전설이 전해지는 대왕암이 바다 위에 우뚝 솟아 있습니다. 그 모습은 그 자체로 하나의 역사적 상징이자 경이로운 풍경입니다. 대왕암 외에도 이름만큼이나 독특한 전설을 가진 남근바위, 탕건바위, 자살바위 등 다양한 형상의 바위들이 곳곳에 흩어져 있어 둘러보는 재미도 쏠쏠합니다.특히 이맘때쯤 공원을 수놓는 색갈이 짙은 수국은 대왕암공원의 여름을 더욱 빛나게 해줍니다. 초여름의 푸르름 속에서 피어난 수국들은 송림과 해안 절경 사이에서 색채의 포인트가 되어주며, 사진 명소로도 인기 만점입니다.가족, 연인, 친구 누구와 함께 와도 좋고, 혼자 천천히 자연과 대화를 나누기에도 완벽한 장소입니다. 자연의 아름다움과 신라 시대 설화가있음","공원 깊숙이 들어서면 신라 문무대왕의 왕비가 죽은 후 호국룡이 되어 바다로 들어갔다는 전설이 전해지는 대왕암이 바다 위에 우뚝 솟아 있습니다. 그 모습은 그 자체로 하나의 역사적 상징이자 경이로운 풍경입니다. 대왕암 외에도 이름만큼이나 독특한 전설을 가진 남근바위, 탕건바위, 자살바위 등 다양한 형상의 바위들이 곳곳에 흩어져 있어 둘러보는 재미도 쏠쏠합니다.특히 이맘때쯤 공원을 수놓는 색갈이 짙은 수국은 대왕암공원의 여름을 더욱 빛나게 해줍니다. 초여름의 푸르름 속에서 피어난 수국들은 송림과 해안 절경 사이에서 색채의 포인트가 되어주며, 사진 명소로도 인기 만점입니다.가족, 연인, 친구 누구와 함께 와도 좋고, 혼자 천천히 자연과 대화를 나누기에도 완벽한 장소입니다. 자연의 아름다움과 신라 시대 설화가있음","['공원', '신라', '문무대왕', '왕비', '호국룡', '바다로', '전설', '대왕암', '바다', '우뚝', '있다', '모습', '자체', '하나', '역사', '상징', '이자', '경이', '풍경', '이다', '대왕암', '이름', '독특하다', '전설', '남근', '바위', '탕건', '바위', '자살', '바위', '다양하다', '형상', '바위', '곳곳', '있다', '재미', '쏠쏠하다', '공원', '색갈', '짙다', '수국', '대왕암', '공원', '여름', '더욱', '초여름', '푸르름', '피어', '수국', '송림', '해안', '절경', '사이', '색채', '포인트', '사진', '명소', '인기', '만점', '이다', '가족', '연인', '친구', '누구', '좋다', '혼자', '자연', '대화', '나누기', '완벽하다', '장소', '이다', '자연', '아름답다', '신라', '시대', '설화', '있다']",Positive,0.9660714268684387
대왕암공원,울산 동구 등대로 95,즐거운오소리,저번에는 상사화를 잔득 심어놓은거 봤는데 이번에는 맥문동을 심어놨다고 해서 가봤더니 너무 예뻤어요.주로 가로수옆에 조금만 심어져있는 맥문동만 봤는데 소나무길에 넓게 심어져있으니 장관이였어요🤩💕지금 아주 아름답게 폈으니 얼른보러가는걸 추천드려요!!👍👍,저번에는 상사화를 잔득 심어놓은거 봤는데 이번에는 맥문동을 심어놨다고 해서 가봤더니 너무 예뻤어요.주로 가로수옆에 조금만 심어져있는 맥문동만 봤는데 소나무길에 넓게 심어져있으니 장관이였어요지금 아주 아름답게 폈으니 얼른보러가는걸 추천드려요!!,"['저번', '상사화', '잔득', '이번', '맥문동', '예쁘다', '주로', '가로수', '조금', '맥문동', '소나무', '넓다', '장관', '지금', '아주', '아름답다', '얼른', '추천']",Positive,0.9717570543289185
대왕암공원,울산 동구 등대로 95,갈치무조림,"맥문동의 오묘한 보랏빛 물결이 심신을 치유해 주는신비한 공원 이었다. 발목 부상으로 인해서 대왕암까지는 가보지는 못했지만, 출렁다리까지 거닐면서드넓은 바다와 현대화된 울산 도시의 모습을 보니아 이게 울산 이구나~~😄울산 이라는곳의 매력에 제대로 빠지게 되었다.사시사철 다른 모습의 매력이 있다니다음에는 꼭 공원을 완주를 하겠다는 목표로 다른 계절에와봐야겠다. 주차장은 10시까지는 무료이다.그 안에 구경해서 나오니 요금을 받지 않으셨다.알고 간건 아니었는데. ㅎㅎ대왕암공원은 우리 나라의 커피 브랜드를다 집합 시켜놓은곳 이기도 하다.한눈에 다 구경할수있다.","맥문동의 오묘한 보랏빛 물결이 심신을 치유해 주는신비한 공원 이었다. 발목 부상으로 인해서 대왕암까지는 가보지는 못했지만, 출렁다리까지 거닐면서드넓은 바다와 현대화된 울산 도시의 모습을 보니아 이게 울산 이구나울산 이라는곳의 매력에 제대로 빠지게 되었다.사시사철 다른 모습의 매력이 있다니다음에는 꼭 공원을 완주를 하겠다는 목표로 다른 계절에와봐야겠다. 주차장은 10시까지는 무료이다.그 안에 구경해서 나오니 요금을 받지 않으셨다.알고 간건 아니었는데. ㅎㅎ대왕암공원은 우리 나라의 커피 브랜드를다 집합 시켜놓은곳 이기도 하다.한눈에 다 구경할수있다.","['맥문동', '오묘하다', '보랏빛', '물결', '심신', '치유', '신비하다', '공원', '발목', '부상', '인하다', '대왕암', '가보', '다리', '드넓다', '바다', '대화', '울산', '도시', '모습', '울산', '구나', '울산', '매력', '제대로', '사시', '사철', '다른', '모습', '매력', '있다', '공원', '완주', '목표', '다른', '계절', '주차장', '무료', '구경해', '나오니', '요금', '아니다', '대왕암', '공원', '우리', '나라', '커피', '브랜드', '집합', '한눈', '구경']",Positive,0.9628145098686218
대왕암공원,울산 동구 등대로 95,smart2999,울산 동구 파도따라 매발걷기일산해수욕장 ~대왕암공원 왕복오랜만에 해변 맨발로 걸었네요 맨발걷기대회인데강아쥐를 데려와서 당황했고 주최측서도 그닥 반응없으시고 그냥 다들 신 신고 걷는다하시고 눈앞에서 응가해서 놀라고 뒤에 걸으시는 분이 밟았는지 지속적 냄시로 이벤트가 소소했네요.  준비많이 하신거 같았음다 경품행사는 없었지만 무대즐길거리와 체험부스 응급부스 협소하지만 있을거 다있고 할거 다 할수있습니다. 단지 코스를 반으로 줄여버려 4천보 고작 걷어서 다들 왜 줄였나~ 의아해하시고 아쉬워하시고..날다람쥐 선수분들이 많으시더라고요 ㅎㅎ 여러모로 아쉬웠지만 짧게 굉장히 즐겁게 있다왔어요 아. 참가비.  5천원이 굳이 받았어야했나..구청행사아닌가?싶기도해서 다들 아쉬웠죠.가방.작은수건 그닥 안쓰니 ㅎㅎ,울산 동구 파도따라 매발걷기일산해수욕장 대왕암공원 왕복오랜만에 해변 맨발로 걸었네요 맨발걷기대회인데강아쥐를 데려와서 당황했고 주최측서도 그닥 반응없으시고 그냥 다들 신 신고 걷는다하시고 눈앞에서 응가해서 놀라고 뒤에 걸으시는 분이 밟았는지 지속적 냄시로 이벤트가 소소했네요. 준비많이 하신거 같았음다 경품행사는 없었지만 무대즐길거리와 체험부스 응급부스 협소하지만 있을거 다있고 할거 다 할수있습니다. 단지 코스를 반으로 줄여버려 4천보 고작 걷어서 다들 왜 줄였나 의아해하시고 아쉬워하시고..날다람쥐 선수분들이 많으시더라고요 ㅎㅎ 여러모로 아쉬웠지만 짧게 굉장히 즐겁게 있다왔어요 아. 참가비. 5천원이 굳이 받았어야했나..구청행사아닌가?싶기도해서 다들 아쉬웠죠.가방.작은수건 그닥 안쓰니 ㅎㅎ,"['울산', '동구', '파도', '걷기', '일산', '해수욕장', '대왕암', '공원', '왕복', '해변', '맨발', '맨발', '걷기', '대회', '당황', '주최', '서도', '그닥', '반응', '없다', '그냥', '신고', '눈앞', '지속', '이벤트', '소소하다', '준비', '같다', '경품', '행사', '없다', '무대', '거리', '체험', '부스', '응급', '부스', '협소하', '있다', '있다', '단지', '코스', '고작', '의아', '아쉽다', '날다람쥐', '선수', '많다', '모로', '아쉽다', '짧다', '굉장하다', '즐겁다', '있다', '참가', '굳이', '구청', '행사', '아니다', '도해', '아쉽다', '가방', '작다', '그닥']",Positive,0.9312531352043152
대왕암공원,울산 동구 등대로 95,지나가세요주접러임다4,10년만에 갔더니 좋네요. 출렁다리 많이 흔들려서 잼있어요,10년만에 갔더니 좋네요. 출렁다리 많이 흔들려서 잼있어요,"['좋다', '다리']",Positive,0.9729751944541931
대왕암공원,울산 동구 등대로 95,롱이랑현이랑호두맘,사시사철 색다른분위기를 느끼면 산책할수 있는곳대왕암공원  지금은 맥문동이 피어나고 있어요시원한 그늘을 제공해주는 소나무들도 너무좋네요,사시사철 색다른분위기를 느끼면 산책할수 있는곳대왕암공원 지금은 맥문동이 피어나고 있어요시원한 그늘을 제공해주는 소나무들도 너무좋네요,"['사시', '사철', '색다르다', '분위기', '산책', '있다', '대왕암', '공원', '지금', '맥문동', '있다', '시원하다', '그늘', '제공', '소나무', '좋다']",Positive,0.9746400713920593
대왕암공원,울산 동구 등대로 95,Erik Magnus,산책로를 따라 꽃구경을 잘하고 갑니다🌷,산책로를 따라 꽃구경을 잘하고 갑니다,"['산책로', '구경']",Positive,0.510307788848877
대왕암공원,울산 동구 등대로 95,롱이랑현이랑호두맘,산책로 재정비 되어있어서 좋더라구요휠체어랑 다니기 편한게 정비되어있구요맨발걷기하는곳은 반려동물출입금지 되어 있구요옆에는 새족장도 잘되어있네요울산동구 대왕암공원 산책 좋아요,산책로 재정비 되어있어서 좋더라구요휠체어랑 다니기 편한게 정비되어있구요맨발걷기하는곳은 반려동물출입금지 되어 있구요옆에는 새족장도 잘되어있네요울산동구 대왕암공원 산책 좋아요,"['산책로', '재정', '좋다', '휠체어', '편하다', '정비', '맨발', '걷기', '반려동물', '출입', '금지', '있다', '족장', '울산', '동구', '대왕암', '공원', '산책', '좋다']",Positive,0.9695518016815186
대왕암공원,울산 동구 등대로 95,아쿠아비테,오랜만에 왔는데 예전보다 관리가 잘되어있고 쓰레기도 거의 안보임 천천히 산책하기 좋았음,오랜만에 왔는데 예전보다 관리가 잘되어있고 쓰레기도 거의 안보임 천천히 산책하기 좋았음,"['예전', '관리', '쓰레기', '거의', '산책', '좋다']",Positive,0.9691739678382874
대왕암공원,울산 동구 등대로 95,다우니889,아이들과 울산으로 여행을 다녀왔어요^^*  차키를 잃어버리는 이슈가 있었지만.. 새차키를 맞추고~~ 그 후에도 재미난 여행을 하고 돌아왔습니다^^*  주말이 끝난 월요일 대왕암에서 전화가 와서 차키를 찾았다고 해서 다음에 받으러가기로 했어요^^ㅎㅎ,아이들과 울산으로 여행을 다녀왔어요 차키를 잃어버리는 이슈가 있었지만.. 새차키를 맞추고 그 후에도 재미난 여행을 하고 돌아왔습니다 주말이 끝난 월요일 대왕암에서 전화가 와서 차키를 찾았다고 해서 다음에 받으러가기로 했어요ㅎㅎ,"['아이', '울산', '여행', '차키', '이슈', '있다', '차키', '재미', '여행', '주말', '월요일', '대왕암', '전화', '차키', '다음', '가기']",Positive,0.9659979343414307
대왕암공원,울산 동구 등대로 95,새벽깡,"울기등대 수국 시작🌸오솔길도 재정비되어 산책하기 딱이에요!바닷바람 솔솔 부는 길 따라수국이 하나둘 피기 시작했는데,조금 이른 시기라 그런지연한 보라빛부터 흰색, 연분홍까지다양한 색의 몽글몽글한 꽃망울이 예뻐요.특히 오솔길이 깔끔하게 정비돼서산책길이 훨씬 쾌적하고 걷기 편해졌어요.자연과 꽃, 바다를 함께 느낄 수 있는 코스로요즘처럼 햇살 좋은 날엔 꼭 가봐야 할 곳!#울기등대 #수국시작 #오솔길산책#울산가볼만한곳 #바다뷰꽃길✔수국은 이제 막 시작 단계✔오솔길 재정비로 쾌적한 산책✔카메라 들고 가면 인생샷 가능📷✨","울기등대 수국 시작오솔길도 재정비되어 산책하기 딱이에요!바닷바람 솔솔 부는 길 따라수국이 하나둘 피기 시작했는데,조금 이른 시기라 그런지연한 보라빛부터 흰색, 연분홍까지다양한 색의 몽글몽글한 꽃망울이 예뻐요.특히 오솔길이 깔끔하게 정비돼서산책길이 훨씬 쾌적하고 걷기 편해졌어요.자연과 꽃, 바다를 함께 느낄 수 있는 코스로요즘처럼 햇살 좋은 날엔 꼭 가봐야 할 곳!울기등대 수국시작 오솔길산책울산가볼만한곳 바다뷰꽃길수국은 이제 막 시작 단계오솔길 재정비로 쾌적한 산책카메라 들고 가면 인생샷 가능","['울기등대', '수국', '오솔길', '재정', '산책', '딱이다', '바람', '솔솔', '수국', '하나', '피기', '시작', '조금', '시기', '지연', '보라', '흰색', '연분홍', '다양하다', '몽글몽글하다', '꽃망울', '예쁘다', '오솔길', '깔끔하다', '정비', '산책길', '쾌적하다', '걷기', '편하다', '자연', '바다', '있다', '코스', '요즘', '햇살', '좋다', '울기등대', '수국', '시작', '오솔길', '산책', '울산', '바다', '뷰꽃길', '수국', '이제', '시작', '단계', '오솔길', '재정', '쾌적하다', '산책', '카메라', '가면', '인생', '가능']",Positive,0.9619562029838562
대왕암공원,울산 동구 등대로 95,불곰과 여왕벌,"울산 동구 명승지 대왕암공원.시원하게 펼쳐진 동해 바다뷰와 기암괴석으로 이루어진 바다해변 절경이 멋진곳입니다.대왕암공원 출렁다리, 울기등대를 비롯해포토전망대, 수루방, 용굴, 할미바위, 탕건암,거북바위, 넙디기와 대왕암등자연이 만들어 낸 멋진 기암작품을 볼수 있고산책로도 잘되어 있고 힐링하기 좋은곳입니다주말에는 방문객들이 많고요주차장은 잘되어있고 편의시설도 좋아요","울산 동구 명승지 대왕암공원.시원하게 펼쳐진 동해 바다뷰와 기암괴석으로 이루어진 바다해변 절경이 멋진곳입니다.대왕암공원 출렁다리, 울기등대를 비롯해포토전망대, 수루방, 용굴, 할미바위, 탕건암,거북바위, 넙디기와 대왕암등자연이 만들어 낸 멋진 기암작품을 볼수 있고산책로도 잘되어 있고 힐링하기 좋은곳입니다주말에는 방문객들이 많고요주차장은 잘되어있고 편의시설도 좋아요","['울산', '동구', '명승', '대왕암', '공원', '시원하다', '동해', '바다', '괴석', '바다', '해변', '절경', '멋지다', '이다', '대왕암', '공원', '다리', '울기등대', '비롯', '포토', '전망대', '루방', '용굴', '할미', '바위', '탕건', '거북', '바위', '넙디기', '대왕', '암등', '자연', '멋지다', '작품', '있다', '산책로', '있다', '힐링', '좋다', '이다', '방문객', '많다', '주차장', '편의', '시설', '좋다']",Positive,0.9673057794570923
대왕암공원,울산 동구 등대로 95,롱이랑현이랑호두맘,철마다 다양한꽃들로 우리를 반기는곳울산대왕암공원산책로도 잘되어있어서 항상좋구요아이들이 노는 용놀이터가 도색중인데 거의 마무리 단계더라구요용의 색이 제대로 더라구요많이 방문해주시고 주차는 평일은 거의 무료인듯해요 주차비결제는 한번도 안한거 같아요,철마다 다양한꽃들로 우리를 반기는곳울산대왕암공원산책로도 잘되어있어서 항상좋구요아이들이 노는 용놀이터가 도색중인데 거의 마무리 단계더라구요용의 색이 제대로 더라구요많이 방문해주시고 주차는 평일은 거의 무료인듯해요 주차비결제는 한번도 안한거 같아요,"['철마', '다양하다', '우리', '울산', '대왕암', '공원', '산책로', '항상', '좋다', '아이', '놀이터', '도색', '거의', '마무리', '용의', '제대로', '덥다', '방문', '주차', '평일', '거의', '무료', '듯해', '차비', '결제', '한번', '같다']",Positive,0.9740791320800781
대왕암공원,울산 동구 등대로 95,롱이랑현이랑호두맘,6월초에는 수국이 없었는데 23일 가니 많이 피었더라구요해무랑 수국이 어우러져있는 곳 좋아요자주가는곳이 지만 멋지더라구요많이들구경 가세요힐링됩니다,6월초에는 수국이 없었는데 23일 가니 많이 피었더라구요해무랑 수국이 어우러져있는 곳 좋아요자주가는곳이 지만 멋지더라구요많이들구경 가세요힐링됩니다,"['수국', '없다', '해무', '수국', '좋다', '자주', '멋지다', '구경', '가세', '힐링']",Positive,0.9740679860115051
대왕암공원,울산 동구 등대로 95,가마솥식지로,"대왕암공원 주차는 외부, 타워까지 매우 넓고 편리. 공원은 무료이나, 주차요금은 받을 때도 있고, 받지 않을 때도 있으니 미리 알아둘 것. 대왕암에 가는 방법 3가지. 1. 출렁다리를 건너 왼편으로 가 해안산책로를 이용해 드넓은 바다를 품고 거닐며 다양한 기암을 보면서 가기. 2. 출렁다리를 건너 오른쪽으로 가 울기등대를 보고 내려가기. 3. 공원에 들어서 그냥 쭉 걸어서가기. 개인적인 추천이라면 첫번째 방법을 이용하면 공원 내에 있는 모든 걸 거의 다 볼 수 있음. 소나무도 매우 많아 청정한 공기는 물론, 바다의 서사랄까? 대자연의 미학, 웅장함을 몸소 느끼기에 부족함이 없는 곳. 다만 가급적 날이 맑을 때 가시길.참고 : 대왕암을 지나 해안산책길을 따라 오른쪽으로 2킬로 정도 걸어가면 슬도(방어진).","대왕암공원 주차는 외부, 타워까지 매우 넓고 편리. 공원은 무료이나, 주차요금은 받을 때도 있고, 받지 않을 때도 있으니 미리 알아둘 것. 대왕암에 가는 방법 3가지. 1. 출렁다리를 건너 왼편으로 가 해안산책로를 이용해 드넓은 바다를 품고 거닐며 다양한 기암을 보면서 가기. 2. 출렁다리를 건너 오른쪽으로 가 울기등대를 보고 내려가기. 3. 공원에 들어서 그냥 쭉 걸어서가기. 개인적인 추천이라면 첫번째 방법을 이용하면 공원 내에 있는 모든 걸 거의 다 볼 수 있음. 소나무도 매우 많아 청정한 공기는 물론, 바다의 서사랄까? 대자연의 미학, 웅장함을 몸소 느끼기에 부족함이 없는 곳. 다만 가급적 날이 맑을 때 가시길.참고 대왕암을 지나 해안산책길을 따라 오른쪽으로 2킬로 정도 걸어가면 슬도방어진.","['대왕암', '공원', '주차', '외부', '타워', '매우', '넓다', '편리', '공원', '무료', '주차', '요금', '있다', '있다', '미리', '대왕암', '방법', '가지', '다리', '건너', '해안', '산책로', '이용', '드넓다', '바다', '다양하다', '가기', '다리', '건너', '오른쪽', '울기등대', '보고', '공원', '그냥', '가기', '개인', '추천', '라면', '방법', '이용', '공원', '있다', '모든', '거의', '있다', '소나무', '매우', '많다', '청정', '공기', '바다', '대자연', '미학', '웅장', '몸소', '부족함', '없다', '다만', '맑다', '참고', '대왕암', '지나', '해안', '산책길', '오른쪽', '킬로', '정도', '방어진']",Positive,0.9195199608802795
대왕암공원,울산 동구 등대로 95,골골샅샅,".울산 대왕암은 울산 동구 일산동에 위치한 명승지이다. 이곳은 신라 시대의 전설에 따르면, 신라 문무왕의 왕비가 문무왕을 기리기 위해  사찰을 세운 곳이다. 대왕암 공원 안에는 신라 시대의 문무왕과 관련된 여러 유적지와 사적지도 있다. 이러한 역사적인 요소와 자연의 아름다움이 결합된 대왕암은 많은 사랑을 받는다.이 곳은 태평양을 마주하고 있는 해안가에 위치하며, 일출과 일몰의 아름다운 경치로 유명하다. 대왕암은 해안에 솟아 있는 크고 독특한 모양의 바위로, 파도와 함께 아름다운 풍경을 만들어낸다.대왕암공원 출렁 다리는 이곳의 해안 절경과 소나무 숲이 어우러진 명소에 설치되어 많은 관광객이 몰려든다. .",".울산 대왕암은 울산 동구 일산동에 위치한 명승지이다. 이곳은 신라 시대의 전설에 따르면, 신라 문무왕의 왕비가 문무왕을 기리기 위해 사찰을 세운 곳이다. 대왕암 공원 안에는 신라 시대의 문무왕과 관련된 여러 유적지와 사적지도 있다. 이러한 역사적인 요소와 자연의 아름다움이 결합된 대왕암은 많은 사랑을 받는다.이 곳은 태평양을 마주하고 있는 해안가에 위치하며, 일출과 일몰의 아름다운 경치로 유명하다. 대왕암은 해안에 솟아 있는 크고 독특한 모양의 바위로, 파도와 함께 아름다운 풍경을 만들어낸다.대왕암공원 출렁 다리는 이곳의 해안 절경과 소나무 숲이 어우러진 명소에 설치되어 많은 관광객이 몰려든다. .","['울산', '대왕암', '울산', '동구', '일산동', '위치', '승지', '신라', '시대', '전설', '신라', '문무왕', '왕비', '문무왕', '리기', '위해', '사찰', '세운', '대왕암', '공원', '신라', '시대', '문무왕', '관련', '여러', '유적지', '사적지', '있다', '이러하다', '역사', '요소', '자연', '아름답다', '결합', '대왕암', '많다', '사랑', '태평양', '마주', '있다', '해안가', '위치', '일출', '일몰', '아름답다', '경치', '유명하다', '대왕암', '해안', '있다', '독특하다', '모양', '바위', '파도', '아름답다', '풍경', '대왕암', '공원', '해안', '절경', '소나무', '명소', '설치', '많다', '관광객']",Positive,0.9389208555221558
대왕암공원,울산 동구 등대로 95,WILD BEAR,울산의 명소중 하나인 대왕암공원대왕암 출렁다리 곰솔숲 울기등대산책하고 쉬기에 아주 좋은곳 같습니다,울산의 명소중 하나인 대왕암공원대왕암 출렁다리 곰솔숲 울기등대산책하고 쉬기에 아주 좋은곳 같습니다,"['울산', '명소', '하나', '대왕암', '공원', '대왕암', '다리', '곰솔', '울기등대', '산책', '아주', '좋다', '같다']",Positive,0.9709482192993164
대왕암공원,울산 동구 등대로 95,에스라인Gogo,몇년만에 왔는데 엄청 붐비네요해산물 파는곳도 많이 늘었네요가족과 함께 싱싱하게 모둠 먹고바다 실컷보고 힐링하고 가요~,몇년만에 왔는데 엄청 붐비네요해산물 파는곳도 많이 늘었네요가족과 함께 싱싱하게 모둠 먹고바다 실컷보고 힐링하고 가요,"['해산물', '곳도', '가족', '싱싱하다', '바다', '실컷', '보고', '힐링', '가요']",Positive,0.9686971306800842
대왕암공원,울산 동구 등대로 95,다미맘7928,완전이쁘진않아도사진찍기괜찮고그늘있어산책하기좋아요,완전이쁘진않아도사진찍기괜찮고그늘있어산책하기좋아요,"['완전', '이쁘다', '사진', '찍기', '괜찮다', '그늘', '있다', '산책', '좋다']",Positive,0.9590181112289429
대왕암공원,울산 동구 등대로 95,ds5pqy,울산여행 웋산동구여행 대왕암공원 대왕암 대왕암출렁다리대왕암오토캠핑장 몽돌해수욕장 대왕암둘레길해파랑길 완전 완전 강추여요,울산여행 웋산동구여행 대왕암공원 대왕암 대왕암출렁다리대왕암오토캠핑장 몽돌해수욕장 대왕암둘레길해파랑길 완전 완전 강추여요,"['울산', '여행', '웋산', '동구', '여행', '대왕암', '공원', '대왕암', '대왕암', '다리', '대왕암', '오토', '캠핑장', '몽돌', '해수욕장', '대왕암', '둘레길', '파랑', '완전', '완전']",Positive,0.967063307762146
대왕암공원,울산 동구 등대로 95,도레미주,울산에서 수국을 본다면 대왕암공원 추천꽃의 색이 아주 이쁘게 물들었고 싱싱함산책로가 잘되어있어서 꽃구경하면서 걷기 좋음단점은 주말에 주차하기정말빡셈,울산에서 수국을 본다면 대왕암공원 추천꽃의 색이 아주 이쁘게 물들었고 싱싱함산책로가 잘되어있어서 꽃구경하면서 걷기 좋음단점은 주말에 주차하기정말빡셈,"['울산', '수국', '대왕암', '공원', '추천', '아주', '이쁘다', '싱싱하다', '산책로', '구경', '걷기', '좋다', '단점', '주말', '주차', '정말', '빡셈']",Positive,0.9547668099403381
대왕암공원,울산 동구 등대로 95,동그라미24,대왕암 공원 산책로가 너무좋아요,대왕암 공원 산책로가 너무좋아요,"['대왕암', '공원', '산책로', '좋다']",Positive,0.9744660258293152
대왕암공원,울산 동구 등대로 95,지으니꺼야,주차장 넓고 식당.카페.화장실이 잘되어있음.산책로도 잘 되어있고~출렁다리...외지에서 온 친구가 꼭 가고싶데서...고소공포증이 있지만 친구를 위해 건넜음...친구가 너무 좋아해서 나도 좋았음^^,주차장 넓고 식당.카페.화장실이 잘되어있음.산책로도 잘 되어있고출렁다리...외지에서 온 친구가 꼭 가고싶데서...고소공포증이 있지만 친구를 위해 건넜음...친구가 너무 좋아해서 나도 좋았음,"['주차장', '넓다', '식당', '카페', '화장실', '산책로', '다리', '외지', '친구', '고소공포증', '있다', '친구', '위해', '친구', '좋아하다', '좋다']",Positive,0.9699395895004272
대왕암공원,울산 동구 등대로 95,플레이스 TOP30 리뷰어 최해경,"울산 대왕암공원은 해가 가장 빨리 뜨는 명소 중 하나로, 탁 트인 동해와 기암절벽이 어우러진 절경을 자랑합니다. 공원 입구에서 울기등대까지 이어지는 600m의 송림길은 100년 넘게 자란 해송이 그늘을 만들어 시원하고 아늑한 분위기를 선사합니다.대왕암에는 문무대왕의 왕비가 호국룡이 되어 잠들었다는 전설이 전해지며, 주변에는 남근바위, 탕건바위, 처녀봉 등 기묘한 바위들이 장관을 이룹니다. 또한, 바다 위를 가로지르는 대왕암 출렁다리에서는 짜릿한 스릴과 함께 아름다운 해안선을 감상할 수 있습니다.아름드리 해송이 옹기종기 모여 있고동백꽃이 피기 시작하고 봄벚꽃구경봄이면 붉게 물든 동백꽃이 공원을 수놓아 더욱 운치 있는 풍경을 연출합니다. 대왕암공원에서 자연과 전설이 어우러진 특별한 시간을 보내보세요.","울산 대왕암공원은 해가 가장 빨리 뜨는 명소 중 하나로, 탁 트인 동해와 기암절벽이 어우러진 절경을 자랑합니다. 공원 입구에서 울기등대까지 이어지는 600m의 송림길은 100년 넘게 자란 해송이 그늘을 만들어 시원하고 아늑한 분위기를 선사합니다.대왕암에는 문무대왕의 왕비가 호국룡이 되어 잠들었다는 전설이 전해지며, 주변에는 남근바위, 탕건바위, 처녀봉 등 기묘한 바위들이 장관을 이룹니다. 또한, 바다 위를 가로지르는 대왕암 출렁다리에서는 짜릿한 스릴과 함께 아름다운 해안선을 감상할 수 있습니다.아름드리 해송이 옹기종기 모여 있고동백꽃이 피기 시작하고 봄벚꽃구경봄이면 붉게 물든 동백꽃이 공원을 수놓아 더욱 운치 있는 풍경을 연출합니다. 대왕암공원에서 자연과 전설이 어우러진 특별한 시간을 보내보세요.","['울산', '대왕암', '공원', '가장', '명소', '하나로', '동해', '절벽', '절경', '자랑', '공원', '입구', '울기등대', '송림', '길다', '해송', '그늘', '시원하다', '아늑하다', '분위기', '선사', '대왕암', '문무대왕', '왕비', '호국룡', '전설', '주변', '남근', '바위', '탕건', '바위', '처녀', '기묘하다', '바위', '장관', '또한', '바다', '대왕암', '다리', '짜릿하다', '스릴', '아름답다', '해안선', '감상', '있다', '아름드리', '해송', '옹기종기', '있다', '동백꽃', '피기', '시작', '벚꽃', '붉다', '물든', '동백꽃', '공원', '더욱', '운치', '있다', '풍경', '연출', '대왕암', '공원', '자연', '전설', '특별하다', '시간']",Positive,0.9581588506698608
대왕암공원,울산 동구 등대로 95,배배리뷰,산책하기 좋아요 ㅎㅎ,산책하기 좋아요 ㅎㅎ,"['산책', '좋다']",Positive,0.9717736840248108
대왕암공원,울산 동구 등대로 95,응듀08,울산에 수국 축제한대서 가는 김에 대왕암공원도 가서 산책했습니다. 울산에는 여러모로 볼거리가 참 많은것 같습니다. 👍 대왕암공원에도 수국 심어둬서 이쁜 구간이 많습니다. 소나무도 멋지고 길도 잘 가꿔놔서 다니기 좋았어요. 반려견 데리고 오시는 분들도 많았고 어르신들도 많이 보였습니다. 참고로 공원이 생각보다 엄청 넓어서 하루만에 다 못둘러 봅니다. 공원내 상점에서 5000원 이상 결제하시고 주차권 달라고 하시면 주차 2000원 할인권 받을 수 있으니 참고하시길 바랍니다. 거의 필수로 다들 하시는것 같더라구요. 워낙 넓다보니 조금만 걸어도 기본 할인 시간은 훌쩍 넘깁니다.,울산에 수국 축제한대서 가는 김에 대왕암공원도 가서 산책했습니다. 울산에는 여러모로 볼거리가 참 많은것 같습니다. 대왕암공원에도 수국 심어둬서 이쁜 구간이 많습니다. 소나무도 멋지고 길도 잘 가꿔놔서 다니기 좋았어요. 반려견 데리고 오시는 분들도 많았고 어르신들도 많이 보였습니다. 참고로 공원이 생각보다 엄청 넓어서 하루만에 다 못둘러 봅니다. 공원내 상점에서 5000원 이상 결제하시고 주차권 달라고 하시면 주차 2000원 할인권 받을 수 있으니 참고하시길 바랍니다. 거의 필수로 다들 하시는것 같더라구요. 워낙 넓다보니 조금만 걸어도 기본 할인 시간은 훌쩍 넘깁니다.,"['울산', '수국', '축제', '대서', '대왕암', '공원', '산책', '울산', '모로', '볼거리', '많다', '같다', '대왕암', '공원', '수국', '이쁘다', '구간', '많다', '소나무', '멋지다', '길다', '좋다', '반려견', '데리', '오시', '많다', '어르신', '참고', '공원', '생각', '넓다', '하루', '원내', '상점', '이상', '결제', '주차', '달라', '주차', '할인', '있다', '참고', '거의', '필수', '같다', '워낙', '넓다', '조금', '기본', '할인', '시간', '훌쩍']",Positive,0.9639876484870911
대왕암공원,울산 동구 등대로 95,TERRiNuna,"산책로도 걷기좋게 잘 정비되어있고, 중간중간 볼거리들도 있어서 좋아요❕️바다보면서 산책하기에 너무 좋은 곳이었습니다 ^^","산책로도 걷기좋게 잘 정비되어있고, 중간중간 볼거리들도 있어서 좋아요바다보면서 산책하기에 너무 좋은 곳이었습니다","['산책로', '걷기', '좋다', '정비', '중간', '중간', '볼거리', '있다', '좋다', '바다', '산책', '좋다']",Positive,0.9750335812568665
대왕암공원,울산 동구 등대로 95,ejj****,뷰가 정말 멋져요,뷰가 정말 멋져요,"['정말', '멋지다']",Positive,0.9727588295936584
대왕암공원,울산 동구 등대로 95,미루나무19,너~~~무 청량하고 이쁘고 좋았어요~~^^,너무 청량하고 이쁘고 좋았어요,"['청량하다', '이쁘다', '좋다']",Positive,0.9724687933921814
대왕암공원,울산 동구 등대로 95,롱이랑현이랑호두맘,벚꽃이 열심히 피고 있네요지난주에는 안피었던데날씨가 쌀쌀해도 자연은 시기가 되면 우리에게 즐거운 볼거리를 주고 있네요이번주말 쯤 만개할꺼같네요주차는 1시간 무료 입니다,벚꽃이 열심히 피고 있네요지난주에는 안피었던데날씨가 쌀쌀해도 자연은 시기가 되면 우리에게 즐거운 볼거리를 주고 있네요이번주말 쯤 만개할꺼같네요주차는 1시간 무료 입니다,"['벚꽃', '피고', '있다', '지난주', '날씨', '쌀쌀하다', '자연', '시기', '우리', '즐겁다', '볼거리', '있다', '이번', '주말', '같다', '주차', '무료', '이다']",Positive,0.9706469774246216
대왕암공원,울산 동구 등대로 95,독꾸24,바닷가 내음도 맡기 좋았고 멋진 풍경과 근처 맛집이 있어서 너무 좋았어요 또 가고 싶네요 ㅎ,바닷가 내음도 맡기 좋았고 멋진 풍경과 근처 맛집이 있어서 너무 좋았어요 또 가고 싶네요 ㅎ,"['바닷가', '좋다', '멋지다', '풍경', '근처', '맛집', '있다', '좋다']",Positive,0.9740944504737854
대왕암공원,울산 동구 등대로 95,음식은 정직이고 진심이다,주차하기도 편하고 산책로도 잘되어있어 편안하게 힐링하기엔 안성맞춤이네요~자연경관도 너무나도 운치가 있어 힐림 제대로 하고 왔네요~,주차하기도 편하고 산책로도 잘되어있어 편안하게 힐링하기엔 안성맞춤이네요자연경관도 너무나도 운치가 있어 힐림 제대로 하고 왔네요,"['주차', '편하다', '산책로', '편안하다', '힐링', '안성맞춤', '자연', '경관', '운치', '있다', '힐림', '제대로']",Positive,0.9719052910804749
대왕암공원,울산 동구 등대로 95,kryzmn,"뜻밖에 만났던 기가 막힌 명승. 흔들다리가 유명하다지만 직접 가보면 해안을 따라 펼쳐진 아름다운 풍광이 눈을 사로잡습니다. 국내에서는 울릉도 정도가 아니면 비견할 수 없는 절경입니다. 솔직히 진짜 ""대왕암""인지는 미심쩍지만 이 정도면 아무래도 좋지 싶습니다.",뜻밖에 만났던 기가 막힌 명승. 흔들다리가 유명하다지만 직접 가보면 해안을 따라 펼쳐진 아름다운 풍광이 눈을 사로잡습니다. 국내에서는 울릉도 정도가 아니면 비견할 수 없는 절경입니다. 솔직히 진짜 대왕암인지는 미심쩍지만 이 정도면 아무래도 좋지 싶습니다.,"['명승', '다리', '유명하다', '직접', '해안', '아름답다', '국내', '울릉도', '정도', '아니다', '비견', '없다', '절경', '이다', '솔직하다', '진짜', '대왕암', '미심', '정도', '좋다']",Positive,0.9738301634788513
대왕암공원,울산 동구 등대로 95,dhsdb414,나들이 하기 좋은 곳이에요^^*,나들이 하기 좋은 곳이에요,"['나들이', '좋다']",Positive,0.9650077819824219
대왕암공원,울산 동구 등대로 95,어니언베이귤,산책하기 좋아요~,산책하기 좋아요,"['산책', '좋다']",Positive,0.96905118227005
대왕암공원,울산 동구 등대로 95,코스믹라떼7,2025년 새해 첫 날. 일출을 보기위해 모여든 많은 인파가 이곳이 얼마나.특별한 곳인지를.실감하게 해주었어요.동구청에서 마련한 새해소원지 걸이는.저마다의 소원을 적에 소원지에 붙여 놓았답니다.이 소원지는 정월대보름날 행사 때 소원성취 하라는 의미로 불에 태워준다고해요.새해 첫 날. 새벽에 소원을.적어 보니 감회가 새로웠어요.가장 좋은 건 대왕암공원에서 보이는 새해 일출은 그야말로 장관이라는 사실!울안의 동해바다위로 웅장하게 떠오르는 새해 일출이소나무 사이로 빨갛게 보이면. 모두가 탄성을 지릅니다.그리고 마음속으로 간절한 소원도 빌어보고요.새해 같은 마음으로 모인 수 많은 시람들의 소원이 모두 이루어졌으면 좋겠어요! 꼭이요!대왕암공원에서 2025년 새해 기운을 받고 오니 운수대통할듯요!🌅,2025년 새해 첫 날. 일출을 보기위해 모여든 많은 인파가 이곳이 얼마나.특별한 곳인지를.실감하게 해주었어요.동구청에서 마련한 새해소원지 걸이는.저마다의 소원을 적에 소원지에 붙여 놓았답니다.이 소원지는 정월대보름날 행사 때 소원성취 하라는 의미로 불에 태워준다고해요.새해 첫 날. 새벽에 소원을.적어 보니 감회가 새로웠어요.가장 좋은 건 대왕암공원에서 보이는 새해 일출은 그야말로 장관이라는 사실!울안의 동해바다위로 웅장하게 떠오르는 새해 일출이소나무 사이로 빨갛게 보이면. 모두가 탄성을 지릅니다.그리고 마음속으로 간절한 소원도 빌어보고요.새해 같은 마음으로 모인 수 많은 시람들의 소원이 모두 이루어졌으면 좋겠어요! 꼭이요!대왕암공원에서 2025년 새해 기운을 받고 오니 운수대통할듯요!,"['새해', '일출', '보기', '위해', '많다', '인파', '얼마나', '특별하다', '인지', '실감', '동구청', '마련', '해소', '걸이', '소원', '원지', '소원', '정월', '대보름날', '행사', '소원', '성취', '하라', '의미', '고해', '새해', '새벽', '소원', '감회', '새롭다', '가장', '좋다', '대왕암', '공원', '새해', '일출', '장관', '사실', '울안', '동해', '바다', '위로', '웅장', '새해', '일출', '소나무', '사이', '빨갛다', '보이', '모두', '탄성', '마음속', '간절하다', '소원', '빌어', '보고', '새해', '같다', '마음', '많다', '소원', '모두', '좋다', '대왕암', '공원', '새해', '기운', '오니', '운수', '대통']",Positive,0.9636649489402771
대왕암공원,울산 동구 등대로 95,행복하자6059,운무가 껴서 운치 있었어요. 대왕릉다운 거대한 돌섬이 웅장해요.,운무가 껴서 운치 있었어요. 대왕릉다운 거대한 돌섬이 웅장해요.,"['운무', '운치', '있다', '왕릉', '다운', '거대하다', '돌섬', '웅장']",Positive,0.9684117436408997
대왕암공원,울산 동구 등대로 95,안녕 제이 Hi,🌸🌸🌼🌿 #오늘 #실시간 #울산 날씨 눈 비 내리는 줄?벚꽃엔딩 벚꽃비 맞으며 데이트 드라이브하기 구뜨이번 주말 슬도 유채찬란페스티벌 축제까지 대왕암공원은 핑크 🌸 에서 노랑 🌼 으로 물들어요오오오~~~,오늘 실시간 울산 날씨 눈 비 내리는 줄?벚꽃엔딩 벚꽃비 맞으며 데이트 드라이브하기 구뜨이번 주말 슬도 유채찬란페스티벌 축제까지 대왕암공원은 핑크 에서 노랑 으로 물들어요오오오,"['오늘', '실시간', '울산', '날씨', '벚꽃', '엔딩', '벚꽃', '데이트', '드라이브', '이번', '주말', '유채', '찬란', '페스티벌', '축제', '대왕암', '공원', '핑크', '노랑', '오오오']",Positive,0.9325270056724548
대왕암공원,울산 동구 등대로 95,asyoungx,출렁다리가 있는 곳이에요산책로도 정말 잘 되어 있어요!여행객 뿐만아니라 동네 주민분들도 해질녁쯤에 많이 오시더라구요.정말 정말 강추입니다.몸도 마음도 깨끗해지고 상쾌해지는 기분이 들거든요!,출렁다리가 있는 곳이에요산책로도 정말 잘 되어 있어요!여행객 뿐만아니라 동네 주민분들도 해질녁쯤에 많이 오시더라구요.정말 정말 강추입니다.몸도 마음도 깨끗해지고 상쾌해지는 기분이 들거든요!,"['다리', '있다', '산책로', '정말', '있다', '여행객', '아니다', '동네', '주민', '정말', '정말', '강추', '이다', '마음', '상쾌하다', '기분']",Positive,0.9732244610786438
대왕암공원,울산 동구 등대로 95,코스믹라떼7,"아름다움과 웅장함만 가득한 곳!대왕암공원! 간절곶과 함께 해가 가장 빨리뜨는 대왕암이.있어 사계절 내내 관광명소인 곳!대왕암공원 출렁다리-해안도로 따라 낭만적으로 걸으면 ""대왕암""-그리고 울기등대까지 모두 놓칠 수 없어서 공원안에 다 있나봅니다.산책해도 좋고. 호텔에서 나와 운동 코스로도 너무 좋을 울산의 명소예요.타니베이호텔에서 대왕암까지 1.5km밖에 안되어 걸어서 가도 되는 거리라 너무 좋아요.일산해수욕장까지 거닐 수 있는 운치가 다 모여있는 여행지.울산12경중 2경으로 꼽히는 대왕암공원.대왕암에서 소원빌면 그 소원이.이루어진다는 설이 있으시 꼭! 꼭!😉울산을 여행한다면 십리대숲과 대왕왕공원은.꼭! 가볼 여행지라는 사실!🌿🌿🌿💖 만족도 200%였어요!",아름다움과 웅장함만 가득한 곳!대왕암공원! 간절곶과 함께 해가 가장 빨리뜨는 대왕암이.있어 사계절 내내 관광명소인 곳!대왕암공원 출렁다리해안도로 따라 낭만적으로 걸으면 대왕암그리고 울기등대까지 모두 놓칠 수 없어서 공원안에 다 있나봅니다.산책해도 좋고. 호텔에서 나와 운동 코스로도 너무 좋을 울산의 명소예요.타니베이호텔에서 대왕암까지 1.5km밖에 안되어 걸어서 가도 되는 거리라 너무 좋아요.일산해수욕장까지 거닐 수 있는 운치가 다 모여있는 여행지.울산12경중 2경으로 꼽히는 대왕암공원.대왕암에서 소원빌면 그 소원이.이루어진다는 설이 있으시 꼭! 꼭!울산을 여행한다면 십리대숲과 대왕왕공원은.꼭! 가볼 여행지라는 사실! 만족도 200였어요!,"['아름답다', '웅장', '가득하다', '대왕암', '공원', '간절곶', '가장', '대왕암', '있다', '사계절', '내내', '관광명소', '대왕암', '공원', '안도', '낭만', '대왕암', '울기등대', '모두', '없다', '원안', '있다', '산책', '좋다', '호텔', '운동', '코스', '좋다', '울산', '명소', '베이', '호텔', '대왕암', '안되다', '가도', '거리', '좋다', '일산', '해수욕장', '있다', '운치', '여행지', '울산', '대왕암', '공원', '대왕암', '소원', '소원', '있다', '울산', '여행', '십리', '대숲', '대왕', '공원', '여행지', '사실', '만족도']",Positive,0.9701617956161499
대왕암공원,울산 동구 등대로 95,안녕 제이 Hi,"🐲🐉🐉🌸 💮  죽어서도 신라를 지키겠다는문우왕 호국룡 전설은 감포문무왕비의 수증릉은 지금 여기, 을산 대왕암이어라~해송과 바다뷰 + 봄 벚꽃과 수선화, 여름 수국, 가을 꽃무릇, 겨울 동백꽃과 함께 아이랑 부모님동반 온가족 산책하기 좋은 천연 자연공원에서 출렁다리와 등대, 슬도, 그리고 해녀촌 싱싱한 해산물 즐-^^","죽어서도 신라를 지키겠다는문우왕 호국룡 전설은 감포문무왕비의 수증릉은 지금 여기, 을산 대왕암이어라해송과 바다뷰 봄 벚꽃과 수선화, 여름 수국, 가을 꽃무릇, 겨울 동백꽃과 함께 아이랑 부모님동반 온가족 산책하기 좋은 천연 자연공원에서 출렁다리와 등대, 슬도, 그리고 해녀촌 싱싱한 해산물 즐","['신라', '우왕', '호국', '전설', '포문', '왕비', '수증릉', '지금', '여기', '대왕암', '해송', '바다', '벚꽃', '수선화', '여름', '수국', '가을', '꽃무릇', '겨울', '동백꽃', '아이', '부모님', '동반', '가족', '산책', '좋다', '천연', '자연', '공원', '다리', '등대', '해녀', '싱싱하다', '해산물']",Positive,0.9391334056854248
대왕암공원,울산 동구 등대로 95,롱이랑현이랑호두맘,자주가는곳이라 너무 즐겁게 잘놀다왔어요이제는 따뜻해 지면 더 자주갈까합니다,자주가는곳이라 너무 즐겁게 잘놀다왔어요이제는 따뜻해 지면 더 자주갈까합니다,"['자주', '즐겁다', '이제', '따뜻하다', '지면', '자주']",Positive,0.9752302765846252
대왕암공원,울산 동구 등대로 95,솔직한미식가님,날씨가 궂어서 아쉽지만 좋은 추억 남겼어요,날씨가 궂어서 아쉽지만 좋은 추억 남겼어요,"['날씨', '궂어', '아쉽다', '좋다', '추억']",Positive,0.9701045751571655
대왕암공원,울산 동구 등대로 95,먹죽귀,울산 대왕암 공원은 자연 경관이뛰어나고 산책하기에 좋은 곳입니다.특히 바다와 절벽의 조화가 아름답고바람을 맞으며 걷는 기분이 상쾌합니다해안가의 일출이나 일몰이 특히 인상적이라고 많이들 언급합니다아이들과 가족 단위로 방문하기에도적합하며 조용한 휴식처를 찾는분들에게 추천합니다다양한 산책로와 볼거리덕분에 재방문 의사가 높습니다,울산 대왕암 공원은 자연 경관이뛰어나고 산책하기에 좋은 곳입니다.특히 바다와 절벽의 조화가 아름답고바람을 맞으며 걷는 기분이 상쾌합니다해안가의 일출이나 일몰이 특히 인상적이라고 많이들 언급합니다아이들과 가족 단위로 방문하기에도적합하며 조용한 휴식처를 찾는분들에게 추천합니다다양한 산책로와 볼거리덕분에 재방문 의사가 높습니다,"['울산', '대왕암', '공원', '자연', '경관', '뛰어나다', '산책', '좋다', '이다', '바다', '절벽', '조화', '아름답다', '바람', '기분', '상쾌하다', '해안가', '일출', '일몰', '인상', '언급', '아이', '가족', '단위', '방문', '적합하다', '조용하다', '휴식', '추천', '다양하다', '산책로', '볼거리', '덕분', '방문', '의사', '높다']",Positive,0.9716028571128845
대왕암공원,울산 동구 등대로 95,안지랑 알랭들롱,울산에서 가볼만한 곳으로 몇 손가락안에 있는 대왕암공원~ 출렁다리^^갑자기 추워졌네요.지난달 태화강 국가정원에 갈때만해도 더울 정도였는데 ~ 안추울때 단풍구경 많이 다니껄 후회도 잠시 눈이번쩍 정신번쩍한 대왕암의 자태~그속에서도 너무나 예쁜 연보라색 해국의 생존본능으로 이루어 내는 마술같은 작품쇼~^^해송숲에 상사화는 그 자태가 만날수 없어 더 애절한  연인들의 열정같은 사랑을 느낄수 있겠지만 바위틈에 해국은 늦가을 쌀쌀한 날씨속에서 마치 손꼭잡은 노부부의 애잔한 사랑 마냥 오랫동안 끈질기고 곱디곱게 무난한 행복을 느낄정도로 많은 여운과 깍뜻함이 절로 생긴다.,울산에서 가볼만한 곳으로 몇 손가락안에 있는 대왕암공원 출렁다리갑자기 추워졌네요.지난달 태화강 국가정원에 갈때만해도 더울 정도였는데 안추울때 단풍구경 많이 다니껄 후회도 잠시 눈이번쩍 정신번쩍한 대왕암의 자태그속에서도 너무나 예쁜 연보라색 해국의 생존본능으로 이루어 내는 마술같은 작품쇼해송숲에 상사화는 그 자태가 만날수 없어 더 애절한 연인들의 열정같은 사랑을 느낄수 있겠지만 바위틈에 해국은 늦가을 쌀쌀한 날씨속에서 마치 손꼭잡은 노부부의 애잔한 사랑 마냥 오랫동안 끈질기고 곱디곱게 무난한 행복을 느낄정도로 많은 여운과 깍뜻함이 절로 생긴다.,"['울산', '손가락', '있다', '대왕암', '공원', '다리', '갑자기', '지난달', '태화강', '국가', '정원', '만해', '덥다', '정도', '단풍', '구경', '다니껄', '후회', '잠시', '번쩍', '정신', '번쩍', '대왕암', '자태', '예쁘다', '보라색', '해국', '생존', '본능', '마술', '같다', '작품', '해송', '상사화', '자태', '날수', '없다', '애절하다', '연인', '열정', '같다', '사랑', '있다', '바위', '해국', '늦가을', '쌀쌀하다', '날씨', '마치', '손꼭', '노부', '부의', '애잔하다', '사랑', '마냥', '끈질기다', '곱다', '무난', '행복', '정도', '많다', '여운', '뜻함', '절로']",Positive,0.9573485851287842
대왕암공원,울산 동구 등대로 95,쿠라니99,"새해 해맞이를 위해 방문한 대왕암공원.방문 인파가 상당하니, 자리 잘잡으세요~~다음 해돋이때 다시금 방문하겠습니다.","새해 해맞이를 위해 방문한 대왕암공원.방문 인파가 상당하니, 자리 잘잡으세요다음 해돋이때 다시금 방문하겠습니다.","['새해', '맞이', '위해', '방문', '대왕암', '공원', '방문', '인파', '상당하다', '자리', '다음', '해돋이', '다시금', '방문']",Positive,0.9652247428894043
대왕암공원,울산 동구 등대로 95,호호호호호1662,좋아요!!!!!!!!!!,좋아요!!!!!!!!!!,['좋다'],Positive,0.9514580368995667
대왕암공원,울산 동구 등대로 95,dodamom,울산여행기념 마그넷 구입했어요,울산여행기념 마그넷 구입했어요,"['울산', '여행', '기념', '마그넷', '구입']",Positive,0.929622232913971
대왕암공원,울산 동구 등대로 95,소요유369,"대왕암의 여름꽃 보라보라한 맥문동이 바톤 터치한 9월의 전령사 꽃무릇 새싹이 돋아나고 있습니다~저는 대왕암을 너무너무 사랑합니다~공짜투성이거든요^^봄 벚꽃 힐링과 수국의 활기참, 보라보라한 맥문동의 몽롱한 산책길에 잠시 쉼을 갖고 싶은 맘을 위로 받고나면슬픈 외사랑 같은 붉디 붉은  슬픈 꽃무릇이 피어오르고한 해가 가는가보다 하는 아쉬움도 갖게됩니다.이러저러한 꽃들의 힐링을 거저 공짜로 받는곳이니감사함도 가득찹니다~든든하게 소근대는?? 바다는 늘 생각없이 바라볼수록편안한 친구 같습니다.뭔가 정리가 필요하다면 그냥 내버려두고아무 생각없이 대왕암을 걸어보세요어느사이 모든일은 아무일 없었던 양지나가고 있답니다~다음주면 꽃무릇이 한창 일 것 같으니집에 오는 딸이랑 같이 걸어보려합니다!","대왕암의 여름꽃 보라보라한 맥문동이 바톤 터치한 9월의 전령사 꽃무릇 새싹이 돋아나고 있습니다저는 대왕암을 너무너무 사랑합니다공짜투성이거든요봄 벚꽃 힐링과 수국의 활기참, 보라보라한 맥문동의 몽롱한 산책길에 잠시 쉼을 갖고 싶은 맘을 위로 받고나면슬픈 외사랑 같은 붉디 붉은 슬픈 꽃무릇이 피어오르고한 해가 가는가보다 하는 아쉬움도 갖게됩니다.이러저러한 꽃들의 힐링을 거저 공짜로 받는곳이니감사함도 가득찹니다든든하게 소근대는?? 바다는 늘 생각없이 바라볼수록편안한 친구 같습니다.뭔가 정리가 필요하다면 그냥 내버려두고아무 생각없이 대왕암을 걸어보세요어느사이 모든일은 아무일 없었던 양지나가고 있답니다다음주면 꽃무릇이 한창 일 것 같으니집에 오는 딸이랑 같이 걸어보려합니다!","['대왕암', '여름', '보라보라', '맥문동', '바톤', '터치', '전령', '꽃무릇', '새싹', '있다', '대왕암', '사랑', '공짜', '투성이', '벚꽃', '힐링', '수국', '활기차다', '보라보라', '맥문동', '몽롱', '산책길', '잠시', '위로', '슬프다', '사랑', '같다', '붉다', '붉다', '슬프다', '꽃무릇', '피어', '아쉬움', '힐링', '거저', '공짜', '가득', '든든하다', '근대', '바다', '생각', '편안하다', '친구', '같다', '뭔가', '정리', '필요하다', '그냥', '아무', '생각', '대왕암', '사이', '없다', '양지', '있다', '다음주', '꽃무릇', '한창', '같다']",Positive,0.9613748788833618
대왕암공원,울산 동구 등대로 95,만보이선생,"울산-부산 가족여행 첫날 두번째 방문 장소는 '대왕암공원'이었습니다. 아이들 놀이터부터 산책로, 출렁다리, 대왕암 주변까지 관리가 잘 되어있었고, 경치가 매우 수려했습니다.다만, 가족들과 태화강 국가정원에서 맨발걷기와 자전거타기를 하고 온 터라, 체력이 바닥나서 아이와 아내에게 미안했습니다. 그나마 장생포 일정을 빼고 온 건데, 오늘 2만보를 넘겼네요.새벽부터 파란만장한 하루였습니다.다음에 몸상태 정상일때 구경하러 들리겠습니다.","울산부산 가족여행 첫날 두번째 방문 장소는 대왕암공원이었습니다. 아이들 놀이터부터 산책로, 출렁다리, 대왕암 주변까지 관리가 잘 되어있었고, 경치가 매우 수려했습니다.다만, 가족들과 태화강 국가정원에서 맨발걷기와 자전거타기를 하고 온 터라, 체력이 바닥나서 아이와 아내에게 미안했습니다. 그나마 장생포 일정을 빼고 온 건데, 오늘 2만보를 넘겼네요.새벽부터 파란만장한 하루였습니다.다음에 몸상태 정상일때 구경하러 들리겠습니다.","['울산', '부산', '가족', '여행', '첫날', '두번째', '방문', '장소', '대왕암', '공원', '아이', '놀이터', '산책로', '다리', '대왕암', '주변', '관리', '경치', '매우', '수려', '다만', '가족', '태화강', '국가', '정원', '맨발', '걷기', '자전거타기', '체력', '아이', '아내', '미안하다', '장생포', '일정', '오늘', '새벽', '파란만장하다', '하루', '다음', '상태', '정상', '구경']",Positive,0.9524842500686646
대왕암공원,울산 동구 등대로 95,Yoonlife,"만족스러운 키워드가 5가지로는 부족한 울산의 명소라 생각하는 곳이에요. 울산 여행 여러번 올때 마다 낮에 들리곤 했는데, 대왕암 야경은 드디어 처음 보네요~ 별점이 있다면 만점을 주고 싶을 정도로 좋았어요😎 대왕암 공원은 기본적인 주차장부터 해서 산책로 그리고 절경을 이루는 바닷길까지 여러번 왔지만, 매번 힐링하고 갑니다. 울산 여행 계획 하신다면 꼭 들러보세요~👍👍👍","만족스러운 키워드가 5가지로는 부족한 울산의 명소라 생각하는 곳이에요. 울산 여행 여러번 올때 마다 낮에 들리곤 했는데, 대왕암 야경은 드디어 처음 보네요 별점이 있다면 만점을 주고 싶을 정도로 좋았어요 대왕암 공원은 기본적인 주차장부터 해서 산책로 그리고 절경을 이루는 바닷길까지 여러번 왔지만, 매번 힐링하고 갑니다. 울산 여행 계획 하신다면 꼭 들러보세요","['만족스럽다', '워드', '가지', '부족하다', '울산', '명소', '생각', '울산', '여행', '마다', '대왕암', '야경', '처음', '있다', '만점', '정도', '좋다', '대왕암', '공원', '기본', '주차장', '산책로', '절경', '매번', '힐링', '울산', '여행', '계획']",Positive,0.9735594987869263
대왕암공원,울산 동구 등대로 95,Silver777,"*울산 동구 대왕암공원*🚙주차장🚗: 평일 2시간 무료주차 / 주말•공휴일 20분 무료주차단, 평일 2시간/주말•공휴일 20분 초과시 유료주차📮얼마전 보라빛 맥문동이 예쁘게 피었던 대왕암공원      며칠전부터 맥문동이 지고 빨간빛 꽃무릇이 피어올라해송숲에서 장관을 연출하고 있네요❣️❣️❣️9월말부터 10월초까지 절정에 이르는 아름다운 꽃무릇그리고 멋진 출렁다리와 구름다리 사이로 펼쳐지는 멋진 동해바다🌊 공기 좋고 아름다운 대왕암공원 최고에요👍","울산 동구 대왕암공원주차장 평일 2시간 무료주차 주말공휴일 20분 무료주차단, 평일 2시간주말공휴일 20분 초과시 유료주차얼마전 보라빛 맥문동이 예쁘게 피었던 대왕암공원 며칠전부터 맥문동이 지고 빨간빛 꽃무릇이 피어올라해송숲에서 장관을 연출하고 있네요9월말부터 10월초까지 절정에 이르는 아름다운 꽃무릇그리고 멋진 출렁다리와 구름다리 사이로 펼쳐지는 멋진 동해바다 공기 좋고 아름다운 대왕암공원 최고에요","['울산', '동구', '대왕암', '공원', '주차장', '평일', '무료', '주차', '주말', '공휴일', '무료', '차단', '평일', '과시', '유료', '주차', '얼마', '보라', '맥문동', '예쁘다', '대왕암', '공원', '며칠', '맥문동', '지고', '빨갛다', '꽃무릇', '피어', '해송', '장관', '연출', '있다', '절정', '아름답다', '꽃무릇', '멋지다', '다리', '구름다리', '사이', '멋지다', '동해', '바다', '공기', '좋다', '아름답다', '대왕암', '공원', '최고']",Positive,0.9617898464202881
대왕암공원,울산 동구 등대로 95,술이5399,산책하기 좋은 공원입니다.,산책하기 좋은 공원입니다.,"['산책', '좋다', '공원', '이다']",Positive,0.9721716046333313
대왕암공원,울산 동구 등대로 95,얼큰이49,출렁다리만 생각하구 갔는데 풍경이 넘 좋네요,출렁다리만 생각하구 갔는데 풍경이 넘 좋네요,"['다리', '생각', '풍경', '좋다']",Positive,0.9640369415283203
대왕암공원,울산 동구 등대로 95,의지가생기다,바다를 보며 걷는데 가슴이 탁트이네요,바다를 보며 걷는데 가슴이 탁트이네요,"['바다', '가슴']",Positive,0.972568690776825
대왕암공원,울산 동구 등대로 95,롱이랑현이랑호두맘,반려동물과 산책하기도 너무좋고 💩 통도 별도로 있어서 좋아요사람들도 많지만 반려견과 산책도 많이 오는곳흔들다리 는 반려견 출입금지입니다사계절 느낌이 다른곳많이들 놀러오세요울산공업축제 폐막식으로 인해10월 13일은 북쪽편은 통행금지라고하네요,반려동물과 산책하기도 너무좋고 통도 별도로 있어서 좋아요사람들도 많지만 반려견과 산책도 많이 오는곳흔들다리 는 반려견 출입금지입니다사계절 느낌이 다른곳많이들 놀러오세요울산공업축제 폐막식으로 인해10월 13일은 북쪽편은 통행금지라고하네요,"['반려동물', '산책', '좋다', '별도', '있다', '좋다', '사람', '많다', '반려견', '산책', '반려견', '출입', '금지', '이다', '사계절', '느낌', '울산', '공업', '축제', '폐막식', '인하다', '북쪽', '통행금지']",Positive,0.9042337536811829
대왕암공원,울산 동구 등대로 95,2PPEUNI,울산은 첨입니다ㅋ대왕암 구경왔는데 해안산책로가 잘 되어있네요~오늘따라 바람도 많이 불어 굉장히 시원했어요~출렁다리도 첨 건너보는데..무서워서 사진을 못 찍었어요ㅋㅋ대왕암 근처에 해녀들이 파는 해산물도 있던데..먹어보진 못하고 왔네요ㅜㅜ,울산은 첨입니다ㅋ대왕암 구경왔는데 해안산책로가 잘 되어있네요오늘따라 바람도 많이 불어 굉장히 시원했어요출렁다리도 첨 건너보는데..무서워서 사진을 못 찍었어요ㅋㅋ대왕암 근처에 해녀들이 파는 해산물도 있던데..먹어보진 못하고 왔네요ㅜㅜ,"['울산', '이다', '대왕암', '구경', '해안', '산책로', '오늘', '바람', '불어', '굉장하다', '시원하다', '다리', '건너', '무섭다', '사진', '대왕암', '근처', '해녀', '해산물', '있다']",Positive,0.9542377591133118
대왕암공원,울산 동구 등대로 95,여우생곰각이야기,여름이 갈들말듯 얄밉게 가을을 시샘하는것 같죠~??ㅎㅎ오늘 친정엄마랑 애들 일찍 등교&등원 시키고 울산 대왕암공원 나들이 왔는데 바닷바람과 소나무 향과 어우러진 대왕암안을 산책하고 나니 정말 힐링 그자체가 되더라구요~출렁다리는 쪼끔(?)무섭지만 걸을수있었어요~근데 울산동구가 바람이 잦은곳이라 바람불땐 무서울것같았어요~ㅎㅎ집근처에 이런 멋찐곳이 있으면 자주올것같은데 아쉬워요^^;; 울산 대왕암은 3대가 즐길수 있는 곳인것같아요~ㅎㅎ주말 나들이 추천합니다♡♡저희는 1년에 3~5번정도는 애들이랑 오고 있어요~애들없이도 오구요~ㅎㅎ#사실 여기가 저 국민학교 수학여행 첫코스였답니다~ㅋㅋ그때 소나무밑에서 김밥먹었던 추억이...,여름이 갈들말듯 얄밉게 가을을 시샘하는것 같죠??ㅎㅎ오늘 친정엄마랑 애들 일찍 등교등원 시키고 울산 대왕암공원 나들이 왔는데 바닷바람과 소나무 향과 어우러진 대왕암안을 산책하고 나니 정말 힐링 그자체가 되더라구요출렁다리는 쪼끔?무섭지만 걸을수있었어요근데 울산동구가 바람이 잦은곳이라 바람불땐 무서울것같았어요ㅎㅎ집근처에 이런 멋찐곳이 있으면 자주올것같은데 아쉬워요 울산 대왕암은 3대가 즐길수 있는 곳인것같아요ㅎㅎ주말 나들이 추천합니다저희는 1년에 35번정도는 애들이랑 오고 있어요애들없이도 오구요ㅎㅎ사실 여기가 저 국민학교 수학여행 첫코스였답니다ㅋㅋ그때 소나무밑에서 김밥먹었던 추억이...,"['여름', '얄밉다', '가을', '시샘', '같다', '오늘', '친정엄마', '일찍', '등교', '등원', '울산', '대왕암', '공원', '나들이', '바람', '소나무', '대왕암', '산책', '나니', '정말', '힐링', '자체', '쪼끔', '무섭다', '울산', '구가', '바람', '바람', '불땐', '무섭다', '같다', '근처', '이렇다', '있다', '자주', '같다', '아쉽다', '울산', '대왕암', '대가', '있다', '같다', '주말', '나들이', '추천', '저희', '정도', '있다', '없다', '오구', '사실', '여기', '국민학교', '수학여행', '코스', '그때', '소나무', '김밥', '추억']",Positive,0.9648440480232239
대왕암공원,울산 동구 등대로 95,travelingtogether,비가 많이 내리는 날에 찾아간 대왕암공원은 비가와서인지 사람이 거의 없어 호젓하게 산책하기엔 그만이네요. 특히 소나무숲은 비에 젖어  소나무향이 더 그윽하게 나서인지 더욱 운치있었습니다.,비가 많이 내리는 날에 찾아간 대왕암공원은 비가와서인지 사람이 거의 없어 호젓하게 산책하기엔 그만이네요. 특히 소나무숲은 비에 젖어 소나무향이 더 그윽하게 나서인지 더욱 운치있었습니다.,"['대왕암', '공원', '인지', '사람', '거의', '없다', '호젓하다', '산책', '만이', '나무숲', '소나무', '더욱', '운치', '있다']",Positive,0.9592581391334534
대왕암공원,울산 동구 등대로 95,연리지S2,"10월 9일자 영상과 사진입니다.꽃무릇 보러 왔는데, 시기를 조금 놓쳤어요~지난주에 만개했을 때 참 예뻤을 것 같네요 ^^조금밖에 안 남았지만, 그래도 잘 보고 왔습니다.","10월 9일자 영상과 사진입니다.꽃무릇 보러 왔는데, 시기를 조금 놓쳤어요지난주에 만개했을 때 참 예뻤을 것 같네요 조금밖에 안 남았지만, 그래도 잘 보고 왔습니다.","['영상', '사진', '이다', '꽃무릇', '시기', '조금', '지난주', '예쁘다', '같다', '조금', '보고']",Positive,0.9607897400856018
대왕암공원,울산 동구 등대로 95,롱이랑현이랑호두맘,달빛문화재2024년10월16일 수요일  대왕암공원체험행사 18시달빛따라걷기19시일찍와서 현장접수하고. 공연보고 걷기행사열심히 걷기가 재미있어요현재걷기하는중~~~,달빛문화재2024년10월16일 수요일 대왕암공원체험행사 18시달빛따라걷기19시일찍와서 현장접수하고. 공연보고 걷기행사열심히 걷기가 재미있어요현재걷기하는중,"['달빛', '문화재', '수요일', '대왕암', '공원', '체험', '행사', '현장', '접수', '공연', '보고', '걷기', '행사', '걷기', '재미있다', '현재', '걷기']",Positive,0.9446514844894409
대왕암공원,울산 동구 등대로 95,sat****,지난번 우연히 알게되어 갔는데 출렁다리를 걷지못해다시 동생과 친구와  친구애인과다녀옴경치가 너무 아름다움,지난번 우연히 알게되어 갔는데 출렁다리를 걷지못해다시 동생과 친구와 친구애인과다녀옴경치가 너무 아름다움,"['지난번', '다리', '다시', '동생', '친구', '친구', '애인', '치가', '아름답다']",Positive,0.9717376828193665
대왕암공원,울산 동구 등대로 95,82곰,바다옆에 산책길과 사진이 정말 잘나와 만족했습니다 길도 잘관리되어 좋았습니다 가을여행 추천코스입니다~,바다옆에 산책길과 사진이 정말 잘나와 만족했습니다 길도 잘관리되어 좋았습니다 가을여행 추천코스입니다,"['바다', '산책길', '사진', '정말', '만족하다', '길다', '관리', '좋다', '가을', '여행', '추천', '코스', '이다']",Positive,0.9737768173217773
대왕암공원,울산 동구 등대로 95,여우생곰각이야기,여우곰네 주말나들이 첫 코스로 또 왔어요~♡♡오늘은 딸들과 친정엄마 이모할머니까지 모시고 왔네요~ㅎㅎ바람이 너무 불어서 출렁다리는 패쓰하고 산책겸 걷고 놀다 갑니다~#대왕암 바위의 비밀을 혹시 아시나요?ㅎㅎ제 눈에만 보이는건지...ㅋㅋ7년째 보는 대왕암인데 참 신기해요~~~,여우곰네 주말나들이 첫 코스로 또 왔어요오늘은 딸들과 친정엄마 이모할머니까지 모시고 왔네요ㅎㅎ바람이 너무 불어서 출렁다리는 패쓰하고 산책겸 걷고 놀다 갑니다대왕암 바위의 비밀을 혹시 아시나요?ㅎㅎ제 눈에만 보이는건지...ㅋㅋ7년째 보는 대왕암인데 참 신기해요,"['여우', '주말', '나들이', '코스', '오늘', '친정엄마', '할머니', '모시', '바람', '불어', '패쓰', '산책', '대왕암', '바위', '비밀', '혹시', '대왕암', '신기하다']",Positive,0.9394885897636414
대왕암공원,울산 동구 등대로 95,어반브룩,대왕암공원 정말 좋네요👍울산 여행 중 가장 만족스런 코스였습니다.맥문동이 넓게 펼쳐져 있어 정말 예뻤고 공원 관리가 아주 잘되어 있네요.수국도 얼마전까지 예뻤을 듯 합니다.한여름에 넓은 공원을 걷는다는 건 참 힘든 일이지만 공원이 너무나도 예뻐 멈출 수가 없었네요!공원 들어가선 화장실이 딱 한군데 있는거 같고까페나 편의점 같이 음료를 마실 수 있는 곳이 없으니 지금처럼 한창 더울 때 가신다면 꼭 마실거리를 '충분히' 준비해 가시길 바랍니다.(물이 부족해 심한 갈증으로 출렁다리까지는 못갔습니다...)공원 바깥쪽엔 식당과 까페들이 넓게 자리잡고 있습니다.주차장 넓고 주차요금은 2~3시간 주차했는데 단돈 900원으로 무척 저렴합니다.다음에 또 울산을 간다면 또 가보고 싶은 곳입니다.,대왕암공원 정말 좋네요울산 여행 중 가장 만족스런 코스였습니다.맥문동이 넓게 펼쳐져 있어 정말 예뻤고 공원 관리가 아주 잘되어 있네요.수국도 얼마전까지 예뻤을 듯 합니다.한여름에 넓은 공원을 걷는다는 건 참 힘든 일이지만 공원이 너무나도 예뻐 멈출 수가 없었네요!공원 들어가선 화장실이 딱 한군데 있는거 같고까페나 편의점 같이 음료를 마실 수 있는 곳이 없으니 지금처럼 한창 더울 때 가신다면 꼭 마실거리를 충분히 준비해 가시길 바랍니다.물이 부족해 심한 갈증으로 출렁다리까지는 못갔습니다...공원 바깥쪽엔 식당과 까페들이 넓게 자리잡고 있습니다.주차장 넓고 주차요금은 23시간 주차했는데 단돈 900원으로 무척 저렴합니다.다음에 또 울산을 간다면 또 가보고 싶은 곳입니다.,"['대왕암', '공원', '정말', '좋다', '울산', '여행', '가장', '만족스럽다', '코스', '맥문동', '넓다', '있다', '정말', '예쁘다', '공원', '관리', '아주', '있다', '수국', '얼마', '예쁘다', '한여름', '넓다', '공원', '힘드다', '일이', '공원', '예쁘다', '수가', '없다', '공원', '가선', '화장실', '군데', '있다', '같다', '까페', '편의점', '음료', '있다', '없다', '지금', '한창', '덥다', '거리', '충분하다', '준비', '물이', '부족하다', '심하다', '갈증', '다리', '공원', '바깥쪽', '식당', '까페', '넓다', '자리', '잡고', '있다', '주차장', '넓다', '주차', '요금', '주차', '단돈', '무척', '저렴하다', '다음', '울산', '간다', '이다']",Positive,0.9705077409744263
대왕암공원,울산 동구 등대로 95,소울메이트7515,오 대왕암공원 생각보다 화훼단지 조성이 잘 되어있네요^-^출렁다리도 있어서 나름 알차게 다녔어요~~실제로 맥문동이 더 많은 느낌이었는데 생각보다 사진에 잘 안담기네요 ㅜ어쨌든 맥문동 지기전에 런하세요~~~,오 대왕암공원 생각보다 화훼단지 조성이 잘 되어있네요출렁다리도 있어서 나름 알차게 다녔어요실제로 맥문동이 더 많은 느낌이었는데 생각보다 사진에 잘 안담기네요 ㅜ어쨌든 맥문동 지기전에 런하세요,"['대왕암', '공원', '생각', '화훼단', '조성', '다리', '있다', '나름', '알차다', '실제', '맥문동', '많다', '생각', '사진', '어쨌든', '맥문동', '기전']",Positive,0.9610447883605957
대왕암공원,울산 동구 등대로 95,violet40,뷰가 매우 좋아요. 산책하기 좋아요. 자연경관이 멋있어요. 마그넷 구매했습니다.,뷰가 매우 좋아요. 산책하기 좋아요. 자연경관이 멋있어요. 마그넷 구매했습니다.,"['매우', '좋다', '산책', '좋다', '자연', '경관', '멋있다', '마그넷', '구매']",Positive,0.9728916883468628
대왕암공원,울산 동구 등대로 95,Moongreen,바다도 숲도 너무너무 멋있는 공원입니다!,바다도 숲도 너무너무 멋있는 공원입니다!,"['바다', '멋있다', '공원', '이다']",Positive,0.9753124713897705
대왕암공원,울산 동구 등대로 95,연연잇,출렁다리부터 A코스로(거의 산행...) 대왕암까지 찍었어요 ㅋㅋ 깨끗하게 잘 관리되어 있었고 대왕암 직진 코스도 따로 있어요!! 현대중공업도 잘 보이고 섬이랑 돌 볼거리도 꽤 있더라구요~ 바닷바람이 시원해서 넘 좋았습니다.,출렁다리부터 A코스로거의 산행... 대왕암까지 찍었어요 ㅋㅋ 깨끗하게 잘 관리되어 있었고 대왕암 직진 코스도 따로 있어요!! 현대중공업도 잘 보이고 섬이랑 돌 볼거리도 꽤 있더라구요 바닷바람이 시원해서 넘 좋았습니다.,"['다리', '코스', '로거', '산행', '대왕암', '깨끗하다', '관리', '있다', '대왕암', '직진', '코스', '있다', '중공업', '보이', '볼거리', '있다', '바람', '시원하다', '좋다']",Positive,0.9745279550552368
대왕암공원,울산 동구 등대로 95,varet,2025년 새해 복 많이 받으세요!,2025년 새해 복 많이 받으세요!,['새해'],Positive,0.969205915927887
대왕암공원,울산 동구 등대로 95,소요유369,30년 대왕암 바라기입니다~건강을 위해 밤낮없이 운동을 합니다^^봄의 향연이 끝이 나고 곧 보라빛 맥문동이 열심히 준비중이니 기대만발입니다~6월 6일 파란 수국이 에너자이징 시키기도하고 몽환적 기분도 드네요~항상 오늘이 최고인 대왕암입니다🥰초록 맥문동 덕분에 눈이 시원해집니다,30년 대왕암 바라기입니다건강을 위해 밤낮없이 운동을 합니다봄의 향연이 끝이 나고 곧 보라빛 맥문동이 열심히 준비중이니 기대만발입니다6월 6일 파란 수국이 에너자이징 시키기도하고 몽환적 기분도 드네요항상 오늘이 최고인 대왕암입니다초록 맥문동 덕분에 눈이 시원해집니다,"['대왕암', '이다', '건강', '위해', '밤낮없이', '운동', '향연', '보라', '맥문동', '준비', '만발', '이다', '파란', '수국', '이징', '기도', '몽환', '기분', '항상', '오늘이', '최고', '대왕암', '이다', '초록', '맥문동', '덕분', '시원하다']",Positive,0.9711965322494507
대왕암공원,울산 동구 등대로 95,lee****,여름에는 맥문동 가을에는 꽃무릇이 예쁜곳이예요,여름에는 맥문동 가을에는 꽃무릇이 예쁜곳이예요,"['여름', '맥문동', '가을', '꽃무릇', '예쁘다']",Positive,0.9670290946960449
대왕암공원,울산 동구 등대로 95,주마요,울산 바다 너무 예쁘네요!출렁다리 길어서 건너는 동안 바다 구경 많이 했어요🌊날씨도 좋아서 더 예뻤습니다!6월 쯤 오면 수국이 예쁘게 펴있는다구 하네요👍🏻,울산 바다 너무 예쁘네요!출렁다리 길어서 건너는 동안 바다 구경 많이 했어요날씨도 좋아서 더 예뻤습니다!6월 쯤 오면 수국이 예쁘게 펴있는다구 하네요,"['울산', '바다', '예쁘다', '다리', '동안', '바다', '구경', '날씨', '좋다', '예쁘다', '수국', '예쁘다']",Positive,0.9719916582107544
대왕암공원,울산 동구 등대로 95,곰탱이819,너무 더워서 걷는게 힘들지만 볼거리많고 특히 보라빛 맥문동이 예쁘게 피어서 좋았어요,너무 더워서 걷는게 힘들지만 볼거리많고 특히 보라빛 맥문동이 예쁘게 피어서 좋았어요,"['덥다', '힘들다', '볼거리', '많다', '보라', '맥문동', '예쁘다', '피어', '좋다']",Positive,0.9738560318946838
대왕암공원,울산 동구 등대로 95,구름따라흘러흘러,여기 참 멋있어요.더운 여름에 산책하고 왔는데도 바닷가 근처라 바람 많이 불고 시원했습니다.선선한 가을에 다시 오고 싶네요😍,여기 참 멋있어요.더운 여름에 산책하고 왔는데도 바닷가 근처라 바람 많이 불고 시원했습니다.선선한 가을에 다시 오고 싶네요,"['여기', '멋있다', '덥다', '여름', '산책', '바닷가', '근처', '바람', '시원하다', '선선', '가을', '다시']",Positive,0.9736594557762146
대왕암공원,울산 동구 등대로 95,플레이스 TOP30 리뷰어 최해경,"대왕암공원대왕암 가면서 만난 공원아름드리 해송의 늠늠함이반겨 주었습니다.벚나무가 많이 있어봄벚꽃 구경 좋을것 같습니다.지금은 수국이 많이심겨져 꽃 잔치를 준비중넓이는 약 93만m²이다. 1906년에 설치된 울기등대가 있어 1962년 5월 14일부터 울기공원이라고 불리다가, 2004년 2월 24일 대왕암공원으로 명칭을 변경하였다. 공원에는 신라시대 문무대왕의 왕비가 죽어서도 호국룡이 되어 나라를 지키겠다 하여 바위섬 아래에 묻혔다는 전설이 서린 대왕암이 있다.대왕암은 용추암 또는 댕바위라고도 불리며 육지에 있는 바위와 철교로 연결된다. 진입로부터 펼쳐진 해송림과 고려턱뼈 조형물로 유명하며, 바닷가에는 대왕암외에도남근바위·탕건바위·자살바위·처녀봉·용굴 등 기암들이 있다.(스마트플레이스)","대왕암공원대왕암 가면서 만난 공원아름드리 해송의 늠늠함이반겨 주었습니다.벚나무가 많이 있어봄벚꽃 구경 좋을것 같습니다.지금은 수국이 많이심겨져 꽃 잔치를 준비중넓이는 약 93만m이다. 1906년에 설치된 울기등대가 있어 1962년 5월 14일부터 울기공원이라고 불리다가, 2004년 2월 24일 대왕암공원으로 명칭을 변경하였다. 공원에는 신라시대 문무대왕의 왕비가 죽어서도 호국룡이 되어 나라를 지키겠다 하여 바위섬 아래에 묻혔다는 전설이 서린 대왕암이 있다.대왕암은 용추암 또는 댕바위라고도 불리며 육지에 있는 바위와 철교로 연결된다. 진입로부터 펼쳐진 해송림과 고려턱뼈 조형물로 유명하며, 바닷가에는 대왕암외에도남근바위탕건바위자살바위처녀봉용굴 등 기암들이 있다.스마트플레이스","['대왕암', '공원', '대왕암', '가면', '만난', '공원', '아름드리', '해송', '늠늠', '벚나무', '있다', '벚꽃', '구경', '좋다', '같다', '지금', '수국', '잔치', '준비', '넓이', '설치', '울기등대', '있다', '공원', '대왕암', '공원', '명칭', '변경', '공원', '신라시대', '문무대왕', '왕비', '호국룡', '나라', '바위', '아래', '전설', '서린', '대왕암', '있다', '대왕암', '용추암', '바위', '고도', '불리', '육지', '있다', '바위', '철교', '연결', '진입', '로부터', '해송', '고려', '턱뼈', '조형', '유명하다', '바닷가', '대왕암', '남근', '바위', '탕건', '바위', '자살', '바위', '처녀', '봉용굴', '있다', '스마트', '레이스']",Positive,0.9333717823028564
대왕암공원,울산 동구 등대로 95,썬칩z,"일산해수욕장 옆에 대왕암공원 있는데 가실거면 둘 다 들러보시는 걸 추천드릴게요! 출렁다리는 그날 바람이 많이 불어서 그런지 생각보다 무서웠지만 바로 아래가 바다여서 너무 예뻤어요~ 출렁다리를 지나서 공원 말고 외곽 쪽으로 가면 여러 바위들도 볼 수 있어요! 길은 많이 험하지 않으니 보시는 것도 괜찮을 거 같아요!! 공원 쪽으로 가면 길이 반듯하고 나무도 많고 수국도 펴있어서 엄청 좋습니다^-^ 공원 입구에는 공룡미끄럼틀?도 있는데 아이들 타기 좋고, 커피숍나 식당도 있어서 간단하게 밥 드시거나 쉬시기 좋습니다","일산해수욕장 옆에 대왕암공원 있는데 가실거면 둘 다 들러보시는 걸 추천드릴게요! 출렁다리는 그날 바람이 많이 불어서 그런지 생각보다 무서웠지만 바로 아래가 바다여서 너무 예뻤어요 출렁다리를 지나서 공원 말고 외곽 쪽으로 가면 여러 바위들도 볼 수 있어요! 길은 많이 험하지 않으니 보시는 것도 괜찮을 거 같아요!! 공원 쪽으로 가면 길이 반듯하고 나무도 많고 수국도 펴있어서 엄청 좋습니다 공원 입구에는 공룡미끄럼틀?도 있는데 아이들 타기 좋고, 커피숍나 식당도 있어서 간단하게 밥 드시거나 쉬시기 좋습니다","['일산', '해수욕장', '대왕암', '공원', '있다', '보시', '추천', '그날', '바람', '불어', '그렇다', '생각', '무섭다', '바로', '아래', '바다', '예쁘다', '다리', '공원', '외곽', '가면', '여러', '바위', '있다', '길다', '험하다', '보시', '괜찮다', '같다', '공원', '가면', '길이', '반듯하다', '나무', '많다', '수국', '좋다', '공원', '입구', '공룡', '미끄럼틀', '있다', '아이', '좋다', '커피숍', '식당', '있다', '간단하다', '시기', '좋다']",Positive,0.9622355699539185
대왕암공원,울산 동구 등대로 95,퍼플0707,몇년만에  찾아간 대왕암 공원  많이 변해 있었다.소나무숲길. 해변로. 공원안 상가도 잘 정돈되어 있어서 걷기 너무 좋은 장소가 되어 있었다 . 👍👍👍오늘은 날씨도 좋고 하늘도 맑고 함께한 언니와  또 하나  추억을 만들며 행복한 시간을 보내고 왔다.~~~😍😍😍  조만간 또 갈게~~♡♡,몇년만에 찾아간 대왕암 공원 많이 변해 있었다.소나무숲길. 해변로. 공원안 상가도 잘 정돈되어 있어서 걷기 너무 좋은 장소가 되어 있었다 . 오늘은 날씨도 좋고 하늘도 맑고 함께한 언니와 또 하나 추억을 만들며 행복한 시간을 보내고 왔다. 조만간 또 갈게,"['대왕암', '공원', '변하다', '있다', '소나무', '숲길', '해변', '원안', '상가', '정돈', '있다', '걷기', '좋다', '장소', '있다', '오늘', '날씨', '좋다', '하늘', '맑다', '언니', '하나', '추억', '행복하다', '시간', '조만간']",Positive,0.9732374548912048
대왕암공원,울산 동구 등대로 95,씨네마미,주차하기좋고 걷기 좋고 소나무숲사이로 난 오솔길도 좋고 뻥뚤린 바다풍광도 좋고 푸릇푸릇 피어난 수국도 넘 이쁘다~송원입구쪽에 카페도 많아 취향껏 차한잔 마시기도 좋아요~^^,주차하기좋고 걷기 좋고 소나무숲사이로 난 오솔길도 좋고 뻥뚤린 바다풍광도 좋고 푸릇푸릇 피어난 수국도 넘 이쁘다송원입구쪽에 카페도 많아 취향껏 차한잔 마시기도 좋아요,"['주차', '좋다', '걷기', '좋다', '나무숲', '사이', '오솔길', '좋다', '바다', '광도', '좋다', '푸릇푸릇', '피어', '수국', '이쁘다', '송원', '입구', '카페', '많다', '취향', '한잔', '마시기', '좋다']",Positive,0.9706664085388184
대왕암공원,울산 동구 등대로 95,다둥이아기돼지삼남매애비,굿,굿,[],Positive,0.9277362823486328
대왕암공원,울산 동구 등대로 95,두호맘,대왕암공원 사진찍기도 좋고 출렁다리 한번쯤 건너보세요.바다뷰도 좋고 시원한 파도소리. 바람소리 힐링하기 좋네요.,대왕암공원 사진찍기도 좋고 출렁다리 한번쯤 건너보세요.바다뷰도 좋고 시원한 파도소리. 바람소리 힐링하기 좋네요.,"['대왕암', '공원', '사진', '찍기', '좋다', '다리', '한번', '건너', '바다', '좋다', '시원하다', '파도', '소리', '바람소리', '힐링', '좋다']",Positive,0.9719322323799133
대왕암공원,울산 동구 등대로 95,요요와함께,7월 중순이였는데 수국이 아직 있었고 이뻤어요정비도 잘되어 있어 깨끗하고 산책하기 좋았어요,7월 중순이였는데 수국이 아직 있었고 이뻤어요정비도 잘되어 있어 깨끗하고 산책하기 좋았어요,"['중순', '수국', '있다', '이쁘다', '정비', '있다', '깨끗하다', '산책', '좋다']",Positive,0.9718042016029358
대왕암공원,울산 동구 등대로 95,다둥이아기돼지삼남매애비,굿,굿,[],Positive,0.9277362823486328
대왕암공원,울산 동구 등대로 95,쿠라니99,"산책 겸 종종 방문합니다. 산책로가 참 잘 마련되어있고, 잘 꾸며져있어 쾌적합니다. 갈때마다 못지나가본 길이 하나씩 발견되는 느낌이라 재밌습니다.주차도 쾌적합니다. 주차비용 유의하세요.","산책 겸 종종 방문합니다. 산책로가 참 잘 마련되어있고, 잘 꾸며져있어 쾌적합니다. 갈때마다 못지나가본 길이 하나씩 발견되는 느낌이라 재밌습니다.주차도 쾌적합니다. 주차비용 유의하세요.","['산책', '종종', '방문', '산책로', '마련', '쾌적하다', '길이', '하나', '발견', '느낌', '재밌다', '주차', '쾌적하다', '주차', '비용', '유의']",Positive,0.97443026304245
대왕암공원,울산 동구 등대로 95,별초코 1225,뷰 완전 멋있어요~^^ 산책로도 잘되어있고 바다 보면서 힐링하기 넘넘 좋네요~,뷰 완전 멋있어요 산책로도 잘되어있고 바다 보면서 힐링하기 넘넘 좋네요,"['완전', '멋있다', '산책로', '바다', '힐링', '좋다']",Positive,0.9729511737823486
대왕암공원,울산 동구 등대로 95,padw12,오늘 날씨가 너무 좋네요!,오늘 날씨가 너무 좋네요!,"['오늘', '날씨', '좋다']",Positive,0.9692129492759705
대왕암공원,울산 동구 등대로 95,see****,굿,굿,[],Positive,0.9277362823486328
대왕암공원,울산 동구 등대로 95,솔랑솔랑22,조용하니 산책하기 좋아요,조용하니 산책하기 좋아요,"['조용하다', '산책', '좋다']",Positive,0.9606940150260925
대왕암공원,울산 동구 등대로 95,아잰데요,2024-11-22 (금) 10시가볍게 산책하기도 좋고 사진찍기도 좋은 명소예요.,20241122 금 10시가볍게 산책하기도 좋고 사진찍기도 좋은 명소예요.,"['산책', '좋다', '사진', '찍기', '좋다', '명소']",Positive,0.9671764969825745
대왕암공원,울산 동구 등대로 95,쿠라니99,평소 들러보지 못한 거북바위 쪽을 지나가보았습니다. 대왕암쪽과는 다른 풍경이 맞이해주네요.해질녘 즈음 방문하니 여러모로 풍경이 아름답습니다.,평소 들러보지 못한 거북바위 쪽을 지나가보았습니다. 대왕암쪽과는 다른 풍경이 맞이해주네요.해질녘 즈음 방문하니 여러모로 풍경이 아름답습니다.,"['평소', '보지', '거북', '바위', '지나', '대왕암', '다른', '풍경', '맞이', '해질녘', '즈음', '방문', '모로', '풍경', '아름답다']",Positive,0.9733288288116455
대왕암공원,울산 동구 등대로 95,빙뉴스랑 여행가게,울산 대왕암공원입니다볼거리많고 산책하기좋고출렁다리. 꽃. 바다 없는게 없네요,울산 대왕암공원입니다볼거리많고 산책하기좋고출렁다리. 꽃. 바다 없는게 없네요,"['울산', '대왕암', '공원', '이다', '볼거리', '많다', '산책', '좋다', '다리', '바다', '없다', '없다']",Positive,0.9747094511985779
대왕암공원,울산 동구 등대로 95,간재비일상5477,모처럼~산책 할 겸~찾은 대왕암 공원^^벚꽃이 만개~해서 반겨주는 오솔길♡바람이 너무 불어서 무서워서 되돌아가시는 어르신들이 많았던 출렁다리는 바다 위에 있어 더 아찔하다^^앞으로 더 산책해서 가면~드넓은 바다가 펼쳐져 있다~가슴이 뻥 뚫린다♡ 운동하러 자주 가야겠다.,모처럼산책 할 겸찾은 대왕암 공원벚꽃이 만개해서 반겨주는 오솔길바람이 너무 불어서 무서워서 되돌아가시는 어르신들이 많았던 출렁다리는 바다 위에 있어 더 아찔하다앞으로 더 산책해서 가면드넓은 바다가 펼쳐져 있다가슴이 뻥 뚫린다 운동하러 자주 가야겠다.,"['모처럼', '산책', '대왕암', '벚꽃', '오솔길', '바람', '불어', '무섭다', '어르신', '많다', '바다', '있다', '아찔하다', '산책', '가면', '드넓다', '바다', '있다', '가슴', '운동', '자주']",Positive,0.9725173711776733
대왕암공원,울산 동구 등대로 95,0언제나소녀0,숲과 바다를 동시에 볼수있어 산책하기 좋은곳~ 수국은 이제 피기 시작해서 며칠 더 있으면 풍성해질듯~ 나무그늘아래 벤치가 있어 산책하다 쉬어가기 좋았음. 탁트인 바다에 멋진바위보며 감탄이 절로 나오지만 바덧바람이 너무 불어 모자 날라갈뻔함.,숲과 바다를 동시에 볼수있어 산책하기 좋은곳 수국은 이제 피기 시작해서 며칠 더 있으면 풍성해질듯 나무그늘아래 벤치가 있어 산책하다 쉬어가기 좋았음. 탁트인 바다에 멋진바위보며 감탄이 절로 나오지만 바덧바람이 너무 불어 모자 날라갈뻔함.,"['바다', '동시', '산책', '좋다', '수국', '이제', '피기', '시작', '며칠', '있다', '성해', '나무', '그늘', '아래', '벤치', '있다', '산책', '좋다', '탁트인', '바다', '멋지다', '바위', '감탄', '절로', '바덧', '바람', '불어', '모자', '뻔하다']",Positive,0.9645196795463562
대왕암공원,울산 동구 등대로 95,힙재이,거의 10년만에 재방문한 울산 대왕암공원🌊🌊여전히 좋았던 소나무 숲길과 해안산책로 그리고 출렁다리!!평일에 방문해서 주차하기도 한적했고 댕댕이 데리고도 산책 많이 오시더라구요ㅎㅎ잘 구경하고 왔습니다👍👍,거의 10년만에 재방문한 울산 대왕암공원여전히 좋았던 소나무 숲길과 해안산책로 그리고 출렁다리!!평일에 방문해서 주차하기도 한적했고 댕댕이 데리고도 산책 많이 오시더라구요ㅎㅎ잘 구경하고 왔습니다,"['거의', '방문', '울산', '대왕암', '공원', '여전하다', '좋다', '소나무', '숲길', '해안', '산책로', '다리', '평일', '방문', '주차', '한적하다', '댕댕', '산책', '구경']",Positive,0.9717598557472229
대왕암공원,울산 동구 등대로 95,레몬이니까,중복이 좀 지나서 습하고 더운날씨임에도 차가운바람을 온몸으로 받은 신기한 장소였다. 뷰가 너무나도 멋져서 힐링되었다.,중복이 좀 지나서 습하고 더운날씨임에도 차가운바람을 온몸으로 받은 신기한 장소였다. 뷰가 너무나도 멋져서 힐링되었다.,"['중복', '습하다', '덥다', '날씨', '차갑다', '바람', '온몸', '신기하다', '장소', '멋지다', '힐링']",Positive,0.9742674231529236
대왕암공원,울산 동구 등대로 95,민트수우,공원안이 시원하고 좋아요바다뷰도 끝장… 흔들다리 입장시간확인하세요~,공원안이 시원하고 좋아요바다뷰도 끝장 흔들다리 입장시간확인하세요,"['공원', '안이', '시원하다', '좋다', '바다', '끝장', '입장', '시간', '확인']",Positive,0.9599562287330627
대왕암공원,울산 동구 등대로 95,kmz****,작약꽃이 폇어요,작약꽃이 폇어요,['폇어'],Positive,0.9390833377838135
대왕암공원,울산 동구 등대로 95,샤일린,오랜만에 탁트인바다봐서 너무 좋았어요.대왕암쪽가니 바람이 제주도바람 저리가라였지만그마저도 즐거웠습니다.아이도 좋아하고 저도 힐링하고좋았어요.기념품가게들러서 마그넷 사는건 이제 필수항목이 됐네요ㅎ,오랜만에 탁트인바다봐서 너무 좋았어요.대왕암쪽가니 바람이 제주도바람 저리가라였지만그마저도 즐거웠습니다.아이도 좋아하고 저도 힐링하고좋았어요.기념품가게들러서 마그넷 사는건 이제 필수항목이 됐네요ㅎ,"['탁트인', '바다', '좋다', '대왕암', '바람', '제주도', '바람', '저리', '즐겁다', '아이', '좋아하다', '힐링', '좋다', '기념품', '가게', '마그넷', '이제', '필수', '항목']",Positive,0.9753608107566833
대왕암공원,울산 동구 등대로 95,red9house,친구와 여행중 방문했어요. 바다와 함께 보는 웅장한 바위와 주변 풍경에 마음을 빼앗겨 빨리 걸을 수 없었어요. 산책로도 너무 잘 되어 있고 바닷바람과 함께 마시는 공기도 신선하고 너무 좋았어요.,친구와 여행중 방문했어요. 바다와 함께 보는 웅장한 바위와 주변 풍경에 마음을 빼앗겨 빨리 걸을 수 없었어요. 산책로도 너무 잘 되어 있고 바닷바람과 함께 마시는 공기도 신선하고 너무 좋았어요.,"['친구', '여행', '방문', '바다', '웅장', '바위', '주변', '풍경', '마음', '없다', '산책로', '있다', '바람', '공기', '신선하다', '좋다']",Positive,0.973578929901123
대왕암공원,울산 동구 등대로 95,냥이맘맘이,비오는 날 갔지만 너무 좋았어요예쁘고 산책로가 잘되어잇어서 날 좋은 날 또 오고싶네요!!,비오는 날 갔지만 너무 좋았어요예쁘고 산책로가 잘되어잇어서 날 좋은 날 또 오고싶네요!!,"['좋다', '예쁘다', '산책로', '좋다']",Positive,0.9734011888504028
대왕암공원,울산 동구 등대로 95,대킹룡,대왕암공원,대왕암공원,"['대왕암', '공원']",Positive,0.8169698715209961
대왕암공원,울산 동구 등대로 95,l596892,모임에서 대왕암 공원 다녀 왔어요. 멋진 곳입니다.,모임에서 대왕암 공원 다녀 왔어요. 멋진 곳입니다.,"['모임', '대왕암', '공원', '멋지다', '이다']",Positive,0.9728705286979675
대왕암공원,울산 동구 등대로 95,쿠라니99,"맑은 날에 방문하면 뷰가 참 좋습니다. 다리 건너는 재미도 있고...공원이 크고, 다양한 식물들이 자리하고있으므로, 계절별로 방문하는 재미도 있겠어요.","맑은 날에 방문하면 뷰가 참 좋습니다. 다리 건너는 재미도 있고...공원이 크고, 다양한 식물들이 자리하고있으므로, 계절별로 방문하는 재미도 있겠어요.","['맑은', '방문', '좋다', '다리', '재미', '있다', '공원', '다양하다', '식물', '자리', '계절', '별로', '방문', '재미', '있다']",Positive,0.9644556045532227
대왕암공원,울산 동구 등대로 95,브로컬리야,산책하기 아주 좋은 코스예요~ 요즘같은 날씨에 딱 좋았어요 덥지도 않고 그늘도 좋고 아기랑 함께 걷기에도 좋았어요!,산책하기 아주 좋은 코스예요 요즘같은 날씨에 딱 좋았어요 덥지도 않고 그늘도 좋고 아기랑 함께 걷기에도 좋았어요!,"['산책', '아주', '좋다', '코스', '요즘', '같다', '날씨', '좋다', '덥다', '그늘', '좋다', '아기', '걷기', '좋다']",Positive,0.9736310243606567
대왕암공원,울산 동구 등대로 95,콘칲ㅋ,대왕암도 갔다가 크게 한바퀴 돌며 산책하기 조아요  ⛱️  🚢,대왕암도 갔다가 크게 한바퀴 돌며 산책하기 조아요,"['대왕암', '크게', '바퀴', '산책', '좋다']",Positive,0.9700165390968323
대왕암공원,울산 동구 등대로 95,소요유369,힐링하러 간 대왕왐 공원이예요~잠시도 쉴새없이 꽃이 피고 푸르른동화 같은 곳입니다~바닷가 둘레길 따라 유채꽃도 한창입니다^^,힐링하러 간 대왕왐 공원이예요잠시도 쉴새없이 꽃이 피고 푸르른동화 같은 곳입니다바닷가 둘레길 따라 유채꽃도 한창입니다,"['힐링', '대왕', '공원', '잠시', '피고', '푸르다', '동화', '같다', '이다', '바닷가', '둘레길', '유채꽃', '한창', '이다']",Positive,0.9719579219818115
대왕암공원,울산 동구 등대로 95,혜안INFJ,경치가 참 좋아요. 언제부터인가 이곳이 드론촬영 명소가 되었는지 드론이 10대 가까이 날고 있어서 힐링하는데 좀 방해는 되었어요. 울기등대 옆에는 예쁘게 동백이 피어있어서 참 반가웠어요. 산책로에 있는 동백도 지금 꽃망울 터트리고 있어요.,경치가 참 좋아요. 언제부터인가 이곳이 드론촬영 명소가 되었는지 드론이 10대 가까이 날고 있어서 힐링하는데 좀 방해는 되었어요. 울기등대 옆에는 예쁘게 동백이 피어있어서 참 반가웠어요. 산책로에 있는 동백도 지금 꽃망울 터트리고 있어요.,"['경치', '좋다', '부터', '드론', '촬영', '명소', '드론', '가까이', '있다', '힐링', '방해', '울기등대', '예쁘다', '동백', '반갑다', '산책로', '있다', '동백', '지금', '꽃망울', '트리', '있다']",Positive,0.9693045616149902
대왕암공원,울산 동구 등대로 95,da****,울산동구 기념품을 팔아요,울산동구 기념품을 팔아요,"['울산', '동구', '기념품']",Negative,0.8305376768112183
대왕암공원,울산 동구 등대로 95,릴스블러reelsveler,아름다운 소나무 산책길과 해안절벽의 멋진 풍경 출렁다리 체험 우연히 만났던 행드럼 버스킹까지 모두 완벽했어요🫶🏻,아름다운 소나무 산책길과 해안절벽의 멋진 풍경 출렁다리 체험 우연히 만났던 행드럼 버스킹까지 모두 완벽했어요,"['아름답다', '소나무', '산책길', '해안', '절벽', '멋지다', '풍경', '다리', '체험', '드럼', '버스킹', '모두', '완벽하다']",Positive,0.9732875823974609
대왕암공원,울산 동구 등대로 95,woo****,평일에는 주차할곳도 많고 사람도 붐비지 않아서 연인들이나 강아지 산책을 목적으로 많이 오시는것 같아요..어느 각도에서 사진 찍던 굉장히 자연이 아름다운 곳이구요! 캠핑도 신청하시면 가능해요,평일에는 주차할곳도 많고 사람도 붐비지 않아서 연인들이나 강아지 산책을 목적으로 많이 오시는것 같아요..어느 각도에서 사진 찍던 굉장히 자연이 아름다운 곳이구요! 캠핑도 신청하시면 가능해요,"['평일', '주차', '곳도', '많다', '사람', '연인', '강아지', '산책', '목적', '같다', '각도', '사진', '굉장하다', '자연', '아름답다', '이구', '캠핑', '신청', '가능하다']",Positive,0.9700380563735962
대왕암공원,울산 동구 등대로 95,가마솥식지로,2024년 첫여행 두번째 여정지로 선택한 대욍암공원. 좋은 날씨 덕분에 보다 더 아름다운 광경을 품을 수 있었습니다. 가슴 쫄깃한 출렁다리를 건너 대왕암으로 가니 그야말로 감탄의 연속. 출렁이는 파도 에메랄드 물빛. 진심 빠져들고 싶은 충동이 들정도로 절경이었네요. 시간이 많았다면 해변길도 거닐면서 여유를 만끽하고 싶었지만... 언젠가 기회가 되면 반드시 꼭.🥰,2024년 첫여행 두번째 여정지로 선택한 대욍암공원. 좋은 날씨 덕분에 보다 더 아름다운 광경을 품을 수 있었습니다. 가슴 쫄깃한 출렁다리를 건너 대왕암으로 가니 그야말로 감탄의 연속. 출렁이는 파도 에메랄드 물빛. 진심 빠져들고 싶은 충동이 들정도로 절경이었네요. 시간이 많았다면 해변길도 거닐면서 여유를 만끽하고 싶었지만... 언젠가 기회가 되면 반드시 꼭.,"['여행', '두번째', '정지', '선택', '공원', '좋다', '날씨', '덕분', '아름답다', '광경', '있다', '가슴', '쫄깃', '다리', '건너', '대왕암', '감탄', '연속', '파도', '에메랄드', '물빛', '진심', '동이', '정도', '절경', '시간', '많다', '해변', '길다', '여유', '만끽', '기회', '반드시']",Positive,0.9710713028907776
대왕암공원,울산 동구 등대로 95,안녕 제이 Hi,"아이랑~ 부모님 가족, 친구, 연인과 함께 봄나들이산책, 데이트하기 좋은 울산 가볼만한 곳새소리, 바람소리, 꽃과 해송, 하늘과 바다, 기암괴석이 어우러진 자연경관 멋진 울산 여행코스로 추천하는 울산 대왕암공원은  문무대왕비의 수증릉, 전설의 문문대왕비릉이 잠들어있어요.  우리의 울산, 이 봄 벚꽃비  벚꽃엔딩 중이지 말입니다~","아이랑 부모님 가족, 친구, 연인과 함께 봄나들이산책, 데이트하기 좋은 울산 가볼만한 곳새소리, 바람소리, 꽃과 해송, 하늘과 바다, 기암괴석이 어우러진 자연경관 멋진 울산 여행코스로 추천하는 울산 대왕암공원은 문무대왕비의 수증릉, 전설의 문문대왕비릉이 잠들어있어요. 우리의 울산, 이 봄 벚꽃비 벚꽃엔딩 중이지 말입니다","['아이', '부모님', '가족', '친구', '연인', '나들이', '산책', '데이트', '좋다', '울산', '새소리', '바람소리', '해송', '하늘', '바다', '괴석', '자연', '경관', '멋지다', '울산', '여행', '코스', '추천', '울산', '대왕암', '공원', '문무대왕', '수증', '전설', '왕비', '우리', '울산', '벚꽃', '벚꽃', '엔딩', '중이', '이다']",Positive,0.9604830145835876
대왕암공원,울산 동구 등대로 95,yus****,대왕암 구경하구 나와서기념품사기 좋습니다ㅎ,대왕암 구경하구 나와서기념품사기 좋습니다ㅎ,"['대왕암', '구경', '기념품', '사기', '좋다']",Positive,0.962187647819519
대왕암공원,울산 동구 등대로 95,소요유369,대왕암공원 산책길 겹벚꽃이 한창~밤 벚꽃이 더 화사하고 좋습니다^^,대왕암공원 산책길 겹벚꽃이 한창밤 벚꽃이 더 화사하고 좋습니다,"['대왕암', '공원', '산책길', '벚꽃', '한창', '벚꽃', '화사하다', '좋다']",Positive,0.9228448271751404
대왕암공원,울산 동구 등대로 95,리뷰어멍뭉이,평일 방문했음에도 사람들이 많았어요울산의 핫플레이스임이 분명합니다.가을에 상사화 꽃무릇 보러 한번 더 와야겠어요이런 훌륭한 공원 매일 갈 수 있는 울산시민분들 부러워요다음에 울산오면 또 들를게요~,평일 방문했음에도 사람들이 많았어요울산의 핫플레이스임이 분명합니다.가을에 상사화 꽃무릇 보러 한번 더 와야겠어요이런 훌륭한 공원 매일 갈 수 있는 울산시민분들 부러워요다음에 울산오면 또 들를게요,"['평일', '방문', '사람', '많다', '울산', '플레이', '스임', '분명하다', '가을', '상사화', '꽃무릇', '한번', '이렇다', '훌륭하다', '공원', '매일', '있다', '울산', '시민', '부럽다', '요다음', '울산']",Positive,0.973533034324646
대왕암공원,울산 동구 등대로 95,요섬바디,바다 절경도 멋지고 벚꽃도 보고~,바다 절경도 멋지고 벚꽃도 보고,"['바다', '절경', '멋지다', '벚꽃', '보고']",Positive,0.9641658067703247
대왕암공원,울산 동구 등대로 95,뚬니S2,울산에 가면 꼭 들리는 대왕암!! 매 계절이 아름답다고 하니 다른 계절에 또 가고 싶어요 :),울산에 가면 꼭 들리는 대왕암!! 매 계절이 아름답다고 하니 다른 계절에 또 가고 싶어요,"['울산', '가면', '대왕암', '계절', '아름답다', '하니', '다른', '계절']",Positive,0.9746806025505066
대왕암공원,울산 동구 등대로 95,먹고또먹고56,수국이 만개해서 너무이뻐요,수국이 만개해서 너무이뻐요,"['수국', '이쁘다']",Positive,0.9694153666496277
대왕암공원,울산 동구 등대로 95,볼짱세,대왕암공원 코스가 너무 잘 되어 있어서 산책하기 너무 좋아요💗경치도 너무 예쁘고 고영희(고양이)도 만날 수 있답니다^_^!! 울산 가는 지인들에게도 추천해줄만한 곳인 것 같아요,대왕암공원 코스가 너무 잘 되어 있어서 산책하기 너무 좋아요경치도 너무 예쁘고 고영희고양이도 만날 수 있답니다!! 울산 가는 지인들에게도 추천해줄만한 곳인 것 같아요,"['대왕암', '공원', '코스', '있다', '산책', '좋다', '경치', '예쁘다', '고영희', '고양이', '만날', '있다', '울산', '지인', '추천', '같다']",Positive,0.9729219675064087
대왕암공원,울산 동구 등대로 95,미나981,밤산책하기 좋았어요.벗꽃이 불빛에 빛추고 바람에 꽃잎까지 날리니분위기 너무 좋왔어요.,밤산책하기 좋았어요.벗꽃이 불빛에 빛추고 바람에 꽃잎까지 날리니분위기 너무 좋왔어요.,"['산책', '좋다', '벗꽃', '불빛', '바람', '꽃잎', '분위기', '좋다']",Positive,0.9742543697357178
대왕암공원,울산 동구 등대로 95,heroNco,산책하기도좋고 출렁다리도 자연경관이 너무 좋았어요,산책하기도좋고 출렁다리도 자연경관이 너무 좋았어요,"['산책', '좋다', '다리', '자연', '경관', '좋다']",Positive,0.9741455316543579
대왕암공원,울산 동구 등대로 95,윤양갱이,귯귯🙂,귯귯,['귯귯'],Positive,0.9450976252555847
대왕암공원,울산 동구 등대로 95,소프트13,대왕암공원 울기등대 둘레길도 산책하기에 잘 갖추어져있고 기념품샵 기념품도 너무 귀여워용 ❤️,대왕암공원 울기등대 둘레길도 산책하기에 잘 갖추어져있고 기념품샵 기념품도 너무 귀여워용,"['대왕암', '공원', '울기등대', '둘레길', '산책', '기념품', '기념품', '귀엽다']",Positive,0.9745113253593445
대왕암공원,울산 동구 등대로 95,2yseo,가족들과 산책하기 정말 좋았어요.,가족들과 산책하기 정말 좋았어요.,"['가족', '산책', '정말', '좋다']",Positive,0.9740879535675049
대왕암공원,울산 동구 등대로 95,라일라0,좋아요,좋아요,['좋다'],Positive,0.9396566152572632
대왕암공원,울산 동구 등대로 95,kik****,가족과 함께 대왕암을 기분좋게 산책했어요 마지막에 굿즈샵에서 산 오르골이 불량이라 즐거웠던 기분이 ㅜㅜ,가족과 함께 대왕암을 기분좋게 산책했어요 마지막에 굿즈샵에서 산 오르골이 불량이라 즐거웠던 기분이 ㅜㅜ,"['가족', '대왕암', '기분', '좋다', '산책', '마지막', '불량', '즐겁다', '기분']",Positive,0.9715456366539001
대왕암공원,울산 동구 등대로 95,엔돌핀4793,60년생인데요 태어나서 젤 비싼 해물을 먹은것 같습니다,60년생인데요 태어나서 젤 비싼 해물을 먹은것 같습니다,"['비싸다', '해물', '같다']",Negative,0.7637407183647156
대왕암공원,울산 동구 등대로 95,lee****,.,.,[],Negative,0.6441146731376648
대왕암공원,울산 동구 등대로 95,지겨버,디퓨저 향도 좋고 아이들이 넘 좋아해요,디퓨저 향도 좋고 아이들이 넘 좋아해요,"['퓨저', '좋다', '아이', '좋아하다']",Positive,0.9733938574790955
대왕암공원,울산 동구 등대로 95,울산 울주관광두레PD,"꽃무릇군락지를 볼 수 있어요.방문객이 생각보다 많았구요, 출렁다리도 무료로 건너 볼 수 있어서 좋았어요.일산해수욕장까지 연계코스로 여행할 수 있어요.주변에 맛집도 많아서 여유있게 시간 안배하고 가시기 추천 드려요.","꽃무릇군락지를 볼 수 있어요.방문객이 생각보다 많았구요, 출렁다리도 무료로 건너 볼 수 있어서 좋았어요.일산해수욕장까지 연계코스로 여행할 수 있어요.주변에 맛집도 많아서 여유있게 시간 안배하고 가시기 추천 드려요.","['꽃무릇', '군락', '있다', '방문객', '생각', '많다', '다리', '무료', '건너', '있다', '좋다', '일산', '해수욕장', '코스', '여행', '있다', '주변', '맛집', '많다', '여유', '있다', '시간', '안배', '추천']",Positive,0.9672040343284607
대왕암공원,울산 동구 등대로 95,율마처럼,갈때마다 늘 좋은 곳이라 많을땐 한달에 두번도 가는 거 같아요슬도에서부터 대왕암공원까지 걷는 길이 뷰가 너무 좋아서 항상 같은 길을 걷지만 매일 변하는 자연이 항상 새로운 길을 걷는다는 기분이 들게 해주는 거 같아요아직 안 가보신 분들은 얼른 고고 하세요,갈때마다 늘 좋은 곳이라 많을땐 한달에 두번도 가는 거 같아요슬도에서부터 대왕암공원까지 걷는 길이 뷰가 너무 좋아서 항상 같은 길을 걷지만 매일 변하는 자연이 항상 새로운 길을 걷는다는 기분이 들게 해주는 거 같아요아직 안 가보신 분들은 얼른 고고 하세요,"['좋다', '많다', '같다', '대왕암', '공원', '길이', '좋다', '항상', '같다', '매일', '변하다', '자연', '항상', '새롭다', '기분', '같다', '얼른', '고고']",Positive,0.9728378057479858
대왕암공원,울산 동구 등대로 95,멍1,넘 친절하시고 울산 기념품도 다양해요!,넘 친절하시고 울산 기념품도 다양해요!,"['친절하다', '울산', '기념품', '다양하다']",Positive,0.9736177921295166
대왕암공원,울산 동구 등대로 95,방시,마그넷 이뻐요~,마그넷 이뻐요,"['마그넷', '이쁘다']",Positive,0.9698439240455627
대왕암공원,울산 동구 등대로 95,B급 구루메,"#내돈내산출렁다리 스릴있구,대왕암 너무 멋있네요!!주차요금 만으로 제대로힐링하구 왔네요~~주차요금(공휴일1시간11분) 1.4","내돈내산출렁다리 스릴있구,대왕암 너무 멋있네요!!주차요금 만으로 제대로힐링하구 왔네요주차요금공휴일1시간11분 1.4","['다리', '스릴', '있다', '대왕암', '멋있다', '주차', '요금', '제대로', '힐링', '주차', '요금', '공휴일']",Positive,0.9722973108291626
대왕암공원,울산 동구 등대로 95,쿠라니99,대왕암공원 산책하기에 정말 좋습니다. 대왕암까지 들어가면 바람이 많이 불어요. 잘 챙겨입어야겠습니다.주차장은 평일에 2시간만 무료였어요~,대왕암공원 산책하기에 정말 좋습니다. 대왕암까지 들어가면 바람이 많이 불어요. 잘 챙겨입어야겠습니다.주차장은 평일에 2시간만 무료였어요,"['대왕암', '공원', '산책', '정말', '좋다', '대왕암', '바람', '불어', '주차장', '평일', '무료']",Positive,0.973442554473877
대왕암공원,울산 동구 등대로 95,padw12,비는 오지만 대왕암 산책하고 차한잔 했네요!,비는 오지만 대왕암 산책하고 차한잔 했네요!,"['오지', '대왕암', '산책', '한잔']",Positive,0.9556236863136292
대왕암공원,울산 동구 등대로 95,형이14,흐린 하늘과 바위가 멋지네요. 야경도 멋질거 같아요.산채코스가 잘 되어 있어요.,흐린 하늘과 바위가 멋지네요. 야경도 멋질거 같아요.산채코스가 잘 되어 있어요.,"['하늘', '바위', '멋지다', '야경', '멋지다', '같다', '산채', '코스', '있다']",Positive,0.9712453484535217
대왕암공원,울산 동구 등대로 95,수연이스러워,날 좋을때 딸아이랑 산책하러 갔다가 용 놀이터에서 신나게 노는 딸아이 보니 잘 왔다 생각했어요 담에 또 와야겠어요애들 놀기 좋아요 미끄럼틀에 모래놀이까지 아이들 놀기 이만한데가 없네요 산책로도 잘되있어서 아이랑 가볍게 산책도 하고 무섭지만 출렁다리도 갔다왔어요,날 좋을때 딸아이랑 산책하러 갔다가 용 놀이터에서 신나게 노는 딸아이 보니 잘 왔다 생각했어요 담에 또 와야겠어요애들 놀기 좋아요 미끄럼틀에 모래놀이까지 아이들 놀기 이만한데가 없네요 산책로도 잘되있어서 아이랑 가볍게 산책도 하고 무섭지만 출렁다리도 갔다왔어요,"['좋다', '딸아이', '산책', '놀이터', '신나다', '딸아이', '생각', '좋다', '미끄럼틀', '모래', '아이', '없다', '산책로', '아이', '가볍다', '산책', '무섭다', '다리']",Positive,0.9687876105308533
대왕암공원,울산 동구 등대로 95,hmy****,차가너무막히더라구요 왜그런가하니 공원이너무좋았어요연휴기간이라더그런듯하구요 무료입장이고 주차료만~출렁다리는줄이어마어마~정말울산명소답네요,차가너무막히더라구요 왜그런가하니 공원이너무좋았어요연휴기간이라더그런듯하구요 무료입장이고 주차료만출렁다리는줄이어마어마정말울산명소답네요,"['차갑다', '그렇다', '공원', '좋다', '연휴', '기간', '그렇다', '무료', '입장', '주차', '울산']",Positive,0.9479175806045532
대왕암공원,울산 동구 등대로 95,덕춘인데요,"반려동물과 함께 방문 가능한 관광지예요 ! 여행하면서 생각보다 강아지 동반 가능한 곳이 없어 속상했는데 대왕암공원은 흙,풀,잔디,바다까지 모든걸 한번에 누릴 수 있어요! 흙 좋아하는 우리 네잎이가 너무너무 좋아하고 행복해했답니다-주말보단 평일이 사람이 없어 이용하기 좋아요 ! 출렁다리를 건널시 이동가방에 강아지를 넣어 안전하게 건너셔야해요. -한여름인데도 구름끼고 바닷바람 부니 하나도 안더웠어요! 엄청뛰어다녔는데 매우 시원하게 산책했어요 -관리소에 짐보관 가능해요 6시마감이라 일찍 가셔야해여.-자연 좋아하시는 분들에겐 정말 강추추추해요! 저는 여기서 5시간도 놀 것 같던걸요? -대왕암까지는 꼭 가세오! 멀어도 가세요. 정말 멋있어요-산스장이 미텼습니다. 운동 맛집-재방문의사 200%","반려동물과 함께 방문 가능한 관광지예요 ! 여행하면서 생각보다 강아지 동반 가능한 곳이 없어 속상했는데 대왕암공원은 흙,풀,잔디,바다까지 모든걸 한번에 누릴 수 있어요! 흙 좋아하는 우리 네잎이가 너무너무 좋아하고 행복해했답니다주말보단 평일이 사람이 없어 이용하기 좋아요 ! 출렁다리를 건널시 이동가방에 강아지를 넣어 안전하게 건너셔야해요. 한여름인데도 구름끼고 바닷바람 부니 하나도 안더웠어요! 엄청뛰어다녔는데 매우 시원하게 산책했어요 관리소에 짐보관 가능해요 6시마감이라 일찍 가셔야해여.자연 좋아하시는 분들에겐 정말 강추추추해요! 저는 여기서 5시간도 놀 것 같던걸요? 대왕암까지는 꼭 가세오! 멀어도 가세요. 정말 멋있어요산스장이 미텼습니다. 운동 맛집재방문의사 200","['반려동물', '방문', '가능하다', '관광지', '여행', '생각', '강아지', '동반', '가능하다', '없다', '속상하다', '대왕암', '공원', '잔디', '바다', '한번', '있다', '좋아하다', '우리', '좋아하다', '행복하다', '주말', '평일', '사람', '없다', '이용', '좋다', '다리', '가방', '강아지', '안전하다', '야하다', '한여름', '구름', '바람', '하나', '덥다', '매우', '시원하다', '산책', '관리소', '보관', '가능하다', '일찍', '야하다', '자연', '좋아하다', '정말', '강추추', '추하다', '여기', '같다', '대왕암', '멀다', '가세', '정말', '멋있다', '요산', '미텼습니', '운동', '맛집', '방문', '의사']",Positive,0.970207929611206
대왕암공원,울산 동구 등대로 95,신디2185,이쁜 마그넷,이쁜 마그넷,"['이쁘다', '마그넷']",Positive,0.9689616560935974
대왕암공원,울산 동구 등대로 95,새우깐깐징어,"울산대왕암공원!날이 더운만큼 맑고 뷰가 너무 좋았습니다. 공원도 크고 걸어다니기 좋아요! 출렁다리도 재밌었고 바다 바람도 많이 불고 해서 마냥 덥지만은 않았어요. 아! 양산은 꼭 챙기세요!! 물 넘 맑아 이쁘고.. 힐링 그 자체의 뷰였습니다..!! 가을에 또 가보고 싶습니다ㅎㅎ(제가 갈 땐 입장료가 없었는데, 원래 없는 것 같진 않고 안내하시는 분이 언제까지 없을진 모르겠다고 하셨어요)","울산대왕암공원!날이 더운만큼 맑고 뷰가 너무 좋았습니다. 공원도 크고 걸어다니기 좋아요! 출렁다리도 재밌었고 바다 바람도 많이 불고 해서 마냥 덥지만은 않았어요. 아! 양산은 꼭 챙기세요!! 물 넘 맑아 이쁘고.. 힐링 그 자체의 뷰였습니다..!! 가을에 또 가보고 싶습니다ㅎㅎ제가 갈 땐 입장료가 없었는데, 원래 없는 것 같진 않고 안내하시는 분이 언제까지 없을진 모르겠다고 하셨어요","['울산', '대왕암', '공원', '덥다', '맑다', '좋다', '공원', '좋다', '다리', '재밌다', '바다', '바람', '마냥', '덥다', '양산', '맑다', '이쁘다', '힐링', '자체', '가을', '입장료', '없다', '원래', '없다', '같다', '안내', '언제', '없다']",Positive,0.972020149230957
대왕암공원,울산 동구 등대로 95,ses****,흔들다리도 길고 공원도 크고 뷰가 좋아요 날씨가 추워서 바람이 많이 불기는 했지만 그래도 좋았어요,흔들다리도 길고 공원도 크고 뷰가 좋아요 날씨가 추워서 바람이 많이 불기는 했지만 그래도 좋았어요,"['다리', '길다', '공원', '좋다', '날씨', '춥다', '바람', '불기', '좋다']",Positive,0.9711514115333557
대왕암공원,울산 동구 등대로 95,BurgerMan,옛날에 한번 왔었는데 관리가 잘 돼서 더 좋아졌네요 날씨 좋으니까 사진이 다 잘나오네요,옛날에 한번 왔었는데 관리가 잘 돼서 더 좋아졌네요 날씨 좋으니까 사진이 다 잘나오네요,"['옛날', '한번', '관리', '날씨', '좋다', '사진']",Positive,0.9688428044319153
대왕암공원,울산 동구 등대로 95,sabins,울산대왕암공원비가 와서 길이 미끄러워 조금 힘들었지만바다와 바위 좋았어요몇년 전보다 길도 걷기 편하게 해놓았네요빨간 우체통이 없어졌어요~,울산대왕암공원비가 와서 길이 미끄러워 조금 힘들었지만바다와 바위 좋았어요몇년 전보다 길도 걷기 편하게 해놓았네요빨간 우체통이 없어졌어요,"['울산', '대왕암', '길이', '미끄럽다', '조금', '힘들다', '바다', '바위', '좋다', '전보', '길다', '걷기', '편하다', '빨갛다', '우체통']",Positive,0.9673303961753845
대왕암공원,울산 동구 등대로 95,별다방6120,처음가본곳 입구에는 수국이 가득하고 출렁다리와 산책로가 잘되어 있어요 코스모두 느긋하게 즐기면서 볼려면 3시간정도 잡아야되요 다리아프신분은 비추 짧은코스도 있어요 일산해수욕장근처라 놀러온김억 즐기다 가세요,처음가본곳 입구에는 수국이 가득하고 출렁다리와 산책로가 잘되어 있어요 코스모두 느긋하게 즐기면서 볼려면 3시간정도 잡아야되요 다리아프신분은 비추 짧은코스도 있어요 일산해수욕장근처라 놀러온김억 즐기다 가세요,"['처음', '입구', '수국', '가득하다', '다리', '산책로', '있다', '코스모', '느긋하다', '다리', '아프다', '신분', '짧다', '코스', '있다', '일산', '해수욕장', '근처', '김억', '가세']",Positive,0.9408778548240662
대왕암공원,울산 동구 등대로 95,솔직한게최고24,바람이 많이 불기는 했지만 그래도 재밌고 볼 것도 많았어요,바람이 많이 불기는 했지만 그래도 재밌고 볼 것도 많았어요,"['바람', '불기', '재밌다', '많다']",Positive,0.9605729579925537
대왕암공원,울산 동구 등대로 95,0낫나노0,바위 지형이라 나무 그늘이 충분치 않아서 한여름 땡볕에 돌아다니기는 꽤 힘들었지만 장엄한 바위와 바다를 만끽할 수 있는 좋은 곳이었다. 입구에 맥문동 군락이 어마어마하게 있어서 보기도 좋고 사진 찍기에도 좋을 듯. 9월에는 꽃무릇도 핀다고 하니 장관이겠다.,바위 지형이라 나무 그늘이 충분치 않아서 한여름 땡볕에 돌아다니기는 꽤 힘들었지만 장엄한 바위와 바다를 만끽할 수 있는 좋은 곳이었다. 입구에 맥문동 군락이 어마어마하게 있어서 보기도 좋고 사진 찍기에도 좋을 듯. 9월에는 꽃무릇도 핀다고 하니 장관이겠다.,"['바위', '지형', '나무', '그늘', '충분', '한여름', '땡볕', '힘들다', '장엄하다', '바위', '바다', '만끽', '있다', '좋다', '입구', '맥문동', '군락', '어마어마하다', '있다', '보기', '좋다', '사진', '찍기', '좋다', '꽃무릇', '하니', '장관']",Positive,0.9705275297164917
대왕암공원,울산 동구 등대로 95,ttl****,출렁다리와 바닷바람이 시원한 대왕암공원.산책로가 너무 잘되어있습니다~다만 바닷바람이 없는곳은 습하고 더워서 걷기싫어하는 어린이는 가면 짜증낼수있어요ㅋㅋ,출렁다리와 바닷바람이 시원한 대왕암공원.산책로가 너무 잘되어있습니다다만 바닷바람이 없는곳은 습하고 더워서 걷기싫어하는 어린이는 가면 짜증낼수있어요ㅋㅋ,"['다리', '바람', '시원하다', '대왕암', '공원', '산책로', '다만', '바람', '없다', '습하다', '덥다', '걷기', '싫어하다', '어린이', '가면', '짜증']",Positive,0.8967241644859314
대왕암공원,울산 동구 등대로 95,poo****,울산의 명소죠. 더운 날씨에도 많은 사람들이 오셨더라고요.  솔밭에는 맥문동이 보라색으로 예쁘게 피었더라고요. 바람도 솔솔 불더라고요,울산의 명소죠. 더운 날씨에도 많은 사람들이 오셨더라고요. 솔밭에는 맥문동이 보라색으로 예쁘게 피었더라고요. 바람도 솔솔 불더라고요,"['울산', '명소', '덥다', '날씨', '많다', '사람', '솔밭', '맥문동', '보라색', '예쁘다', '바람', '솔솔']",Positive,0.9728700518608093
대왕암공원,울산 동구 등대로 95,oks****,태풍 카눈이 오는 날 출장을 마치고 오후에 방문했어요. 바람이 많이 불어 대왕암 진입로와 출렁다리가 폐쇄되어서 맥문동꽃 핀 솔숲 산책로를 걸었어요.솔숲이 엄청 넓고 산책로가 잘 되어있어서 그것만으로도 좋았지만 다음엔 꼭 대왕암과 출렁다리를 체험하고 싶어요. 울산에 여행가시는 분들 대왕암 좋습니다.^^,태풍 카눈이 오는 날 출장을 마치고 오후에 방문했어요. 바람이 많이 불어 대왕암 진입로와 출렁다리가 폐쇄되어서 맥문동꽃 핀 솔숲 산책로를 걸었어요.솔숲이 엄청 넓고 산책로가 잘 되어있어서 그것만으로도 좋았지만 다음엔 꼭 대왕암과 출렁다리를 체험하고 싶어요. 울산에 여행가시는 분들 대왕암 좋습니다.,"['태풍', '카눈', '출장', '마치', '오후', '방문', '바람', '불어', '대왕암', '진입', '다리', '폐쇄', '맥문동', '솔숲', '산책로', '솔숲', '넓다', '산책로', '그것', '좋다', '다음', '대왕암', '다리', '체험', '울산', '여행', '대왕암', '좋다']",Positive,0.9572784304618835
대왕암공원,울산 동구 등대로 95,랑이쭈니맘20,대왕암을 안보고 울산을 왔다고 말하면 안될 정도로 장관입니다.대왕암공원을 오셨다면 힘들더라도 꼭 대왕암까지 걸어가보세요.가는 길은 힘이 들지만 도착하고나면 잘 왔다는 생각이 들거예요.산책길도 너무 잘 꾸며놔 시간 보내기 좋아요.,대왕암을 안보고 울산을 왔다고 말하면 안될 정도로 장관입니다.대왕암공원을 오셨다면 힘들더라도 꼭 대왕암까지 걸어가보세요.가는 길은 힘이 들지만 도착하고나면 잘 왔다는 생각이 들거예요.산책길도 너무 잘 꾸며놔 시간 보내기 좋아요.,"['대왕암', '안보', '울산', '안되다', '정도', '장관', '이다', '대왕암', '공원', '힘들다', '대왕암', '길다', '도착', '생각', '산책길', '시간', '좋다']",Positive,0.9662103056907654
대왕암공원,울산 동구 등대로 95,rkd****,흔들다리 재밌어요ㅎㅎ,흔들다리 재밌어요ㅎㅎ,['재밌다'],Positive,0.9739460349082947
대왕암공원,울산 동구 등대로 95,불꽃나리,방어진 울기등대라 불리던 울산 대왕암공원 솔밭이 꽃밭으로 바뀌었네요. 꽃무릇과 맥문동꽃밭이 정말 멋져요.,방어진 울기등대라 불리던 울산 대왕암공원 솔밭이 꽃밭으로 바뀌었네요. 꽃무릇과 맥문동꽃밭이 정말 멋져요.,"['방어진', '울기등대', '울산', '대왕암', '공원', '솔밭', '꽃밭', '꽃무릇', '맥문동', '꽃밭', '정말', '멋지다']",Positive,0.9714615345001221
대왕암공원,울산 동구 등대로 95,책통지기,대왕암공원 산책도 좋고출렁다리도 한번 가볼만합니다,대왕암공원 산책도 좋고출렁다리도 한번 가볼만합니다,"['대왕암', '공원', '산책', '좋다', '다리', '한번']",Positive,0.9677189588546753
대왕암공원,울산 동구 등대로 95,산들산들바람a,"근처에 맛집,카페,산책로,해변이어우러져있어 데이트하기 좋아요","근처에 맛집,카페,산책로,해변이어우러져있어 데이트하기 좋아요","['근처', '맛집', '카페', '산책로', '해변', '데이트', '좋다']",Positive,0.9663181900978088
대왕암공원,울산 동구 등대로 95,Edward418,울산의 대표적인 관광지 답게잘 꾸며져있고 관리도 잘되어있다풍경이 좋고 추천,울산의 대표적인 관광지 답게잘 꾸며져있고 관리도 잘되어있다풍경이 좋고 추천,"['울산', '대표', '관광지', '관리', '풍경', '좋다', '추천']",Positive,0.9732385873794556
대왕암공원,울산 동구 등대로 95,뭉치와아이들,출렁다리 시간이 다되어 건너진 못하고 공원 산책로 다 구경 했는데 너무 좋네요ㅎㅎ시설도 깨끗하고 주차도 편했어요,출렁다리 시간이 다되어 건너진 못하고 공원 산책로 다 구경 했는데 너무 좋네요ㅎㅎ시설도 깨끗하고 주차도 편했어요,"['다리', '시간', '공원', '산책로', '구경', '좋다', '시설', '깨끗하다', '주차', '편하다']",Positive,0.9733203053474426
대왕암공원,울산 동구 등대로 95,혜연ㄴ,"대왕암공원에 출렁다리 생기고 처음 가봤는데 출렁다리가 생각보다 길었어요🤭 그래도 많이 안흔들려서 무섭지는 않았고, 핸드폰이 떨어질까봐 주머니에 꼭 넣도 건넜네요 ㅋㅋㅋㅋ 수국도 너무 이쁘게 펴있고 일요일이였는데도 사람이 많이 없어서 여유롭게 관람했어요~~ 산책로도 쓰레기 없이 깨끗했어요👍👍","대왕암공원에 출렁다리 생기고 처음 가봤는데 출렁다리가 생각보다 길었어요 그래도 많이 안흔들려서 무섭지는 않았고, 핸드폰이 떨어질까봐 주머니에 꼭 넣도 건넜네요 ㅋㅋㅋㅋ 수국도 너무 이쁘게 펴있고 일요일이였는데도 사람이 많이 없어서 여유롭게 관람했어요 산책로도 쓰레기 없이 깨끗했어요","['대왕암', '공원', '다리', '생기', '처음', '다리', '생각', '길다', '무섭다', '핸드폰', '주머니', '수국', '이쁘다', '일요일', '사람', '없다', '관람', '산책로', '쓰레기', '깨끗하다']",Positive,0.9666545391082764
대왕암공원,울산 동구 등대로 95,소확행84,굳,굳,['굳다'],Positive,0.9499149918556213
대왕암공원,울산 동구 등대로 95,bh****,"문무대왕비가 묻혔다는 울산 대왕암.바다위를 가로지르는 아찔한 출렁다리,바다끝 경관이 너무 멋진 대왕암.","문무대왕비가 묻혔다는 울산 대왕암.바다위를 가로지르는 아찔한 출렁다리,바다끝 경관이 너무 멋진 대왕암.","['문무대왕', '울산', '대왕암', '바다', '아찔하다', '다리', '바다', '경관', '멋지다', '대왕암']",Positive,0.97388756275177
대왕암공원,울산 동구 등대로 95,도배하는웅이,멋지고  아름다운 곳,멋지고 아름다운 곳,"['멋지다', '아름답다']",Positive,0.9718889594078064
대왕암공원,울산 동구 등대로 95,icm2bw,뷰 굿,뷰 굿,[],Positive,0.9662535190582275
대왕암공원,울산 동구 등대로 95,Woo 오뚜기,소나무사이로 들려오는 잔잔한파도소리가 가슴을 뭉쿨하게하네요ㆍ,소나무사이로 들려오는 잔잔한파도소리가 가슴을 뭉쿨하게하네요,"['소나무', '사이', '잔잔하다', '파도', '소리', '가슴', '쿨하다']",Positive,0.973214328289032
대왕암공원,울산 동구 등대로 95,SO YEON27,정말 넓고 생각보다 대왕암 보러가는 길이 험난해서 조금 힘들었지만 정말 아름다운 경관을 볼수있어서 좋았다,정말 넓고 생각보다 대왕암 보러가는 길이 험난해서 조금 힘들었지만 정말 아름다운 경관을 볼수있어서 좋았다,"['정말', '넓다', '생각', '대왕암', '길이', '험난하다', '조금', '힘들다', '정말', '아름답다', '경관', '좋다']",Positive,0.973191499710083
대왕암공원,울산 동구 등대로 95,miboo,바다도. 나무도. 산책로도. 아이들 놀이터도. 먹거리도. 모두모두 굿. 다양한 선택지가 있어 남녀노소 누구나 무언가는 맘에 들 장소 ㅡㅡㅡ하루에 다 만끽할수없어재방문 필수!!!👍👍👍,바다도. 나무도. 산책로도. 아이들 놀이터도. 먹거리도. 모두모두 굿. 다양한 선택지가 있어 남녀노소 누구나 무언가는 맘에 들 장소 ㅡㅡㅡ하루에 다 만끽할수없어재방문 필수!!!,"['바다', '나무', '산책로', '아이', '놀이터', '먹거리', '모두', '다양하다', '선택', '있다', '남녀', '노소', '누구', '무언가', '장소', '하루', '만끽', '없다', '방문', '필수']",Positive,0.9693735837936401
대왕암공원,울산 동구 등대로 95,임 블 리,바다뷰가 멋진 여기는 울산의 명소대왕암 공원~!!!,바다뷰가 멋진 여기는 울산의 명소대왕암 공원!!!,"['바다', '멋지다', '울산', '명소', '대왕암', '공원']",Positive,0.9609712362289429
대왕암공원,울산 동구 등대로 95,lhe****,맥문동 시즌에 가니까 너무 예쁘네요~ 엄청 많아요!,맥문동 시즌에 가니까 너무 예쁘네요 엄청 많아요!,"['맥문동', '시즌', '예쁘다', '많다']",Positive,0.9729008674621582
대왕암공원,울산 동구 등대로 95,모이사마,오랜만에 오니 좋네요),오랜만에 오니 좋네요,"['오니', '좋다']",Positive,0.9281847476959229
대왕암공원,울산 동구 등대로 95,hjhrain,굿,굿,[],Positive,0.9277362823486328
대왕암공원,울산 동구 등대로 95,뮤율,울산으로 수국여행다녀왔는데 산책로가 너무 잘 되어 있네요,울산으로 수국여행다녀왔는데 산책로가 너무 잘 되어 있네요,"['울산', '수국', '여행', '산책로', '있다']",Positive,0.9715530872344971
대왕암공원,울산 동구 등대로 95,미미2345,바람이 많이 불지만 주변이 깨끗해서 좋아요^^,바람이 많이 불지만 주변이 깨끗해서 좋아요,"['바람', '불지', '주변', '깨끗하다', '좋다']",Positive,0.959556519985199
대왕암공원,울산 동구 등대로 95,ba7****,갈때마다 좋아요! 주말에 사람도 많고 더웠지만 그늘은 정말 바람도 많이불고 좋았습니다!! 앞에만 상가있고 공원들어가서 상가 없는거 너무 좋아요! 일단 쓰레기가 안보이니까!,갈때마다 좋아요! 주말에 사람도 많고 더웠지만 그늘은 정말 바람도 많이불고 좋았습니다!! 앞에만 상가있고 공원들어가서 상가 없는거 너무 좋아요! 일단 쓰레기가 안보이니까!,"['좋다', '주말', '사람', '많다', '덥다', '그늘', '정말', '바람', '좋다', '상가', '있다', '공원', '상가', '없다', '좋다', '일단', '쓰레기', '안보']",Positive,0.9730413556098938
대왕암공원,울산 동구 등대로 95,ilo****,너무 이쁩니다,너무 이쁩니다,['이쁘다'],Positive,0.970467209815979
대왕암공원,울산 동구 등대로 95,망태기53,일로 갔지만 소나무가 좋았어요,일로 갔지만 소나무가 좋았어요,"['일로', '소나무', '좋다']",Positive,0.9458039999008179
대왕암공원,울산 동구 등대로 95,맛난거13,울산 대왕암 공원,울산 대왕암 공원,"['울산', '대왕암', '공원']",Positive,0.6688958406448364
대왕암공원,울산 동구 등대로 95,varet,산책로도 잘 되어있고 출렁다리도 잘되어있습니다,산책로도 잘 되어있고 출렁다리도 잘되어있습니다,"['산책로', '다리']",Positive,0.9582915306091309
대왕암공원,울산 동구 등대로 95,맛집 고,경치가 아주 끝내줍니다출렁다리도 재밌고요. 타워 주차하기 편해서 좋았네요. 상가 음식 먹으면 주차2시간 할인권 줘서 주차비도 저렴하네요.,경치가 아주 끝내줍니다출렁다리도 재밌고요. 타워 주차하기 편해서 좋았네요. 상가 음식 먹으면 주차2시간 할인권 줘서 주차비도 저렴하네요.,"['경치', '아주', '끝내주다', '다리', '재밌다', '타워', '주차', '편하다', '좋다', '상가', '음식', '주차', '할인', '주차', '비도', '저렴하다']",Positive,0.96888667345047
대왕암공원,울산 동구 등대로 95,van****,like,like,[],Positive,0.6686365604400635
대왕암공원,울산 동구 등대로 95,두리3886,가볍게 산책하기 좋고 풍경이 아름다워요  특색있는 상점들도 있어요,가볍게 산책하기 좋고 풍경이 아름다워요 특색있는 상점들도 있어요,"['가볍다', '산책', '좋다', '풍경', '아름답다', '특색', '있다', '상점', '있다']",Positive,0.9685123562812805
대왕암공원,울산 동구 등대로 95,솔직느낌,사람많고 볼거리 많은 해안출렁다리있는 산책로있는 곳.,사람많고 볼거리 많은 해안출렁다리있는 산책로있는 곳.,"['사람', '많다', '볼거리', '많다', '해안', '산책로', '있다']",Positive,0.9563146829605103
대왕암공원,울산 동구 등대로 95,뉸냐냐,산책로도 잘되어있고 엄청 넓고 멋있어요! 바다 보면서 산책할 수 있어서 좋아요,산책로도 잘되어있고 엄청 넓고 멋있어요! 바다 보면서 산책할 수 있어서 좋아요,"['산책로', '넓다', '멋있다', '바다', '산책', '있다', '좋다']",Positive,0.9731802940368652
대왕암공원,울산 동구 등대로 95,산토끼9489,출렁다리도   건너고  대왕암도  다녀오고  넘  좋았어요,출렁다리도 건너고 대왕암도 다녀오고 넘 좋았어요,"['다리', '대왕암', '좋다']",Positive,0.9728925228118896
대왕암공원,울산 동구 등대로 95,80lovepooh56,여행지 마그네틱은 꼭 사야지 ㅎ덤으로 대왕암 구경까지 할 수 있어요. 좋아요.,여행지 마그네틱은 꼭 사야지 ㅎ덤으로 대왕암 구경까지 할 수 있어요. 좋아요.,"['여행지', '그네', '대왕암', '구경', '있다', '좋다']",Positive,0.9701711535453796
대왕암공원,울산 동구 등대로 95,Angelinaw,기념품샵은 안타깝게도주차비지원은 안되네요대왕암공원은 몇번와도 힐링되고 좋아요.,기념품샵은 안타깝게도주차비지원은 안되네요대왕암공원은 몇번와도 힐링되고 좋아요.,"['기념품', '안타깝다', '차비', '지원', '안되다', '대왕암', '공원', '몇번', '힐링', '좋다']",Positive,0.9555414915084839
대왕암공원,울산 동구 등대로 95,츠지기,나같은 상남자가 아니고서는 출렁다리 가지마이소 출렁출렁 거려가꼬 무섭습니데이 출렁다리 말고도 산책로도 츠쥑이게 잘 되어있으이 관광하기 딱 좋습니데잉,나같은 상남자가 아니고서는 출렁다리 가지마이소 출렁출렁 거려가꼬 무섭습니데이 출렁다리 말고도 산책로도 츠쥑이게 잘 되어있으이 관광하기 딱 좋습니데잉,"['같다', '상남자', '아니다', '다리', '가지', '마이', '거려가꼬', '무섭다', '데이', '다리', '산책로', '츠쥑이', '관광', '좋습니데잉']",Positive,0.7051442861557007
대왕암공원,울산 동구 등대로 95,neangi02,대왕암공원의 출렁다리 오르골이 관광상품으로 나와서기념삼아 구매하였어요.,대왕암공원의 출렁다리 오르골이 관광상품으로 나와서기념삼아 구매하였어요.,"['대왕암', '공원', '다리', '관광', '상품', '기념', '구매']",Positive,0.9264475107192993
대왕암공원,울산 동구 등대로 95,heehee3826,여행중에 정말 힐링하고 갑니다😌,여행중에 정말 힐링하고 갑니다,"['여행', '정말', '힐링']",Positive,0.9730503559112549
대왕암공원,울산 동구 등대로 95,너구리6039,마그넷 예뻐요,마그넷 예뻐요,"['마그넷', '예쁘다']",Positive,0.9709621667861938
대왕암공원,울산 동구 등대로 95,bb9****,조아요,조아요,['좋다'],Positive,0.9475513100624084
대왕암공원,울산 동구 등대로 95,지와12,무장애길이 조성되어 있어 좋습니다.,무장애길이 조성되어 있어 좋습니다.,"['무장애', '길이', '조성', '있다', '좋다']",Positive,0.9717034697532654
대왕암공원,울산 동구 등대로 95,Mm9050,주차장이 좀 비좁긴한데 볼거리는 많았어요,주차장이 좀 비좁긴한데 볼거리는 많았어요,"['주차장', '좁다', '볼거리', '많다']",Positive,0.9627319574356079
대왕암공원,울산 동구 등대로 95,arc****,울산에 가면 대왕암은 들러줘야죠. 기념품도 너무 귀여웠어요.,울산에 가면 대왕암은 들러줘야죠. 기념품도 너무 귀여웠어요.,"['울산', '가면', '대왕암', '기념품', '귀엽다']",Positive,0.9741967916488647
대왕암공원,울산 동구 등대로 95,지구가 아파요,좋더라 가보니까언젠간 또 가겠지,좋더라 가보니까언젠간 또 가겠지,"['좋다', '가보']",Positive,0.9669740200042725
대왕암공원,울산 동구 등대로 95,홍싱지,요 매점을 먼저 가서 출렁다리 팁을 얻엇어야 햇는데 아쉬워욧! 사장님 친절 왕친절! 맛있습니당,요 매점을 먼저 가서 출렁다리 팁을 얻엇어야 햇는데 아쉬워욧! 사장님 친절 왕친절! 맛있습니당,"['매점', '먼저', '다리', '얻엇어', '아쉽다', '사장', '친절', '친절', '맛있다']",Positive,0.9704979658126831
대왕암공원,울산 동구 등대로 95,azalea1008,울산에서 산책하기 좋은 곳,울산에서 산책하기 좋은 곳,"['울산', '산책', '좋다']",Positive,0.9603521823883057
대왕암공원,울산 동구 등대로 95,sweetcherry,굿,굿,[],Positive,0.9277362823486328
대왕암공원,울산 동구 등대로 95,이매,8월 중순에 맥문동이 피어 예뻐요.여름이어도 바닷바람이 시원해 다닐만해요,8월 중순에 맥문동이 피어 예뻐요.여름이어도 바닷바람이 시원해 다닐만해요,"['중순', '맥문동', '피어', '예쁘다', '여름', '이어도', '바람', '시원하다', '만해']",Positive,0.9698447585105896
대왕암공원,울산 동구 등대로 95,타코진68,좋아요,좋아요,['좋다'],Positive,0.9396566152572632
대왕암공원,울산 동구 등대로 95,진짜3022,좋앙,좋앙,['좋다'],Positive,0.9531542658805847
대왕암공원,울산 동구 등대로 95,하애YG,굿,굿,[],Positive,0.9277362823486328
대왕암공원,울산 동구 등대로 95,꿀단지944,조좋은곳입니다,조좋은곳입니다,"['좋다', '이다']",Positive,0.9609270691871643
대왕암공원,울산 동구 등대로 95,뽀우pfou,말이 필요 없음 그냥 예뻐요,말이 필요 없음 그냥 예뻐요,"['필요', '없다', '그냥', '예쁘다']",Positive,0.9723996520042419
대왕암공원,울산 동구 등대로 95,돌고래랑그냥,너무 친절하시고 기념품도 예쁜게 좀 있었어요. 종류가 좀더 다양하면 좋을것 같아요.,너무 친절하시고 기념품도 예쁜게 좀 있었어요. 종류가 좀더 다양하면 좋을것 같아요.,"['친절하다', '기념품', '예쁘다', '있다', '종류', '좀더', '다양하다', '좋다', '같다']",Positive,0.9655833840370178
대왕암공원,울산 동구 등대로 95,코코맘치치빠,여행에 미친자이자 마그넷 헌터인 제가 너무 행복했습니당!!,여행에 미친자이자 마그넷 헌터인 제가 너무 행복했습니당!!,"['여행', '미치다', '이자', '마그넷', '헌터', '행복하다']",Positive,0.9725860357284546
대왕암공원,울산 동구 등대로 95,으라차차으랏차차,울산일년에 두세번가는데 갈때마다 대왕암은 꼭가는것같아요 이번엔 기념품도 사왔어요,울산일년에 두세번가는데 갈때마다 대왕암은 꼭가는것같아요 이번엔 기념품도 사왔어요,"['울산', '세번', '대왕암', '같다', '이번', '기념품']",Positive,0.9664851427078247
대왕암공원,울산 동구 등대로 95,zozjm,산책하기 좋고 전망도 너무 좋아요~~🪨🌊🐳,산책하기 좋고 전망도 너무 좋아요,"['산책', '좋다', '전망', '좋다']",Positive,0.973316490650177
대왕암공원,울산 동구 등대로 95,찌71,너무너무 좋네요~꼭꼭 미도까지 산책하길 추천드려요,너무너무 좋네요꼭꼭 미도까지 산책하길 추천드려요,"['좋다', '꼭꼭', '미도', '산책', '추천']",Positive,0.9708718061447144
대왕암공원,울산 동구 등대로 95,flowery20,걷기 너무 좋네요,걷기 너무 좋네요,"['걷기', '좋다']",Positive,0.9695689678192139
대왕암공원,울산 동구 등대로 95,곰돌이85,대왕암 기념품샵에서 마그넷 구입 했는데 넘 맘에 들어요,대왕암 기념품샵에서 마그넷 구입 했는데 넘 맘에 들어요,"['대왕암', '기념품', '마그넷', '구입']",Positive,0.9717730283737183
대왕암공원,울산 동구 등대로 95,매탄동부스터,넓어요,넓어요,['넓다'],Positive,0.8684903979301453
대왕암공원,울산 동구 등대로 95,빵과자천재,좋아요,좋아요,['좋다'],Positive,0.9396566152572632
대왕암공원,울산 동구 등대로 95,유령1248,재미있었어요,재미있었어요,['재미있다'],Positive,0.9714745283126831
대왕암공원,울산 동구 등대로 95,lee****,ㆍ,,[],Neutral,0.0
대왕암공원,울산 동구 등대로 95,구름이맘이에요,주차시설은힘들지만출렁다리 죠아요,주차시설은힘들지만출렁다리 죠아요,"['주차', '시설', '힘들다', '다리', '죠아']",Positive,0.9647966623306274
대왕암공원,울산 동구 등대로 95,해피러버,이국적인 정취가 느껴지는 넘 멋진 곳이예요.울산핫플이네요.,이국적인 정취가 느껴지는 넘 멋진 곳이예요.울산핫플이네요.,"['국적', '정취', '멋지다', '울산']",Positive,0.9748822450637817
대왕암공원,울산 동구 등대로 95,안녕하세요3035,그래요,그래요,['그렇다'],Positive,0.8748651146888733
대왕암공원,울산 동구 등대로 95,sdw****,조아요,조아요,['좋다'],Positive,0.9475513100624084
대왕암공원,울산 동구 등대로 95,정쮸야,울산 바다를 한 눈에 담을 수 있어서 좋아요 ~ 그리구 에어컨 바람 부럽지 않은 바닷바람... 짱입니당 ㅎㅎ,울산 바다를 한 눈에 담을 수 있어서 좋아요 그리구 에어컨 바람 부럽지 않은 바닷바람... 짱입니당 ㅎㅎ,"['울산', '바다', '있다', '좋다', '에어컨', '바람', '부럽다', '바람', '이다']",Positive,0.9749191403388977
대왕암공원,울산 동구 등대로 95,ephemere,굿,굿,[],Positive,0.9277362823486328
대왕암공원,울산 동구 등대로 95,형형95,좋아요,좋아요,['좋다'],Positive,0.9396566152572632
대왕암공원,울산 동구 등대로 95,망이7025,친절해요,친절해요,['친절하다'],Positive,0.9661136269569397
대왕암공원,울산 동구 등대로 95,체리2166,기념품샵에서 기념품 잘 샀습니다^^,기념품샵에서 기념품 잘 샀습니다,"['기념품', '기념품']",Positive,0.7010005712509155
대왕암공원,울산 동구 등대로 95,Hello 키티,ㅋ,ㅋ,[],Positive,0.8443016409873962
대왕암공원,울산 동구 등대로 95,스토리벨14,굿,굿,[],Positive,0.9277362823486328
대왕암공원,울산 동구 등대로 95,에스디16,.,.,[],Negative,0.6441146731376648
대왕암공원,울산 동구 등대로 95,lizahan,좋아요,좋아요,['좋다'],Positive,0.9396566152572632
대왕암공원,울산 동구 등대로 95,jejudo88,좋아요,좋아요,['좋다'],Positive,0.9396566152572632
대왕암공원,울산 동구 등대로 95,새콤달콤1633,좋아요,좋아요,['좋다'],Positive,0.9396566152572632
대왕암공원,울산 동구 등대로 95,초록별여행,굿,굿,[],Positive,0.9277362823486328
대왕암공원,울산 동구 등대로 95,키티kt,~~,,[],Neutral,0.0
대왕암공원,울산 동구 등대로 95,토롱토롱토토루,ㄴㄴ,ㄴㄴ,[],Negative,0.8396260142326355
대왕암공원,울산 동구 등대로 95,쩡아453,굿,굿,[],Positive,0.9277362823486328
대왕암공원,울산 동구 등대로 95,tea****,굿,굿,[],Positive,0.9277362823486328
대왕암공원,울산 동구 등대로 95,94****,가족끼리 산책하기 좋아요,가족끼리 산책하기 좋아요,"['가족', '끼리', '산책', '좋다']",Positive,0.9696168303489685
대왕암공원,울산 동구 등대로 95,곰도리푸웅,굿,굿,[],Positive,0.9277362823486328
대왕암공원,울산 동구 등대로 95,하이현빈,굿,굿,[],Positive,0.9277362823486328
대왕암공원,울산 동구 등대로 95,ska****,굿,굿,[],Positive,0.9277362823486328
대왕암공원,울산 동구 등대로 95,힘내라4524,애들 놀기 잘되어있어요,애들 놀기 잘되어있어요,[],Positive,0.9672619104385376
대왕암공원,울산 동구 등대로 95,호박꽁주,시설이 너무 좋아요~,시설이 너무 좋아요,"['시설', '좋다']",Positive,0.937254011631012
대왕암공원,울산 동구 등대로 95,지9075,좋아요,좋아요,['좋다'],Positive,0.9396566152572632
대왕암공원,울산 동구 등대로 95,댕여비,출렁다리가 명물이고 3월까지만 무료입니다.,출렁다리가 명물이고 3월까지만 무료입니다.,"['다리', '명물', '무료', '이다']",Negative,0.773773729801178
대왕암공원,울산 동구 등대로 95,랑듀아,해수욕장 근처,해수욕장 근처,"['해수욕장', '근처']",Positive,0.6002076268196106
대왕암공원,울산 동구 등대로 95,혜니79,생각보다 힘들었지만 좋았어요,생각보다 힘들었지만 좋았어요,"['생각', '힘들다', '좋다']",Positive,0.9713984131813049
대왕암공원,울산 동구 등대로 95,꿀물856,굳,굳,['굳다'],Positive,0.9499149918556213
대왕암공원,울산 동구 등대로 95,바나나누텔라,친절하세요-!,친절하세요!,['친절하다'],Positive,0.9676845669746399
대왕암공원,울산 동구 등대로 95,bs****,나들이,나들이,['나들이'],Negative,0.7377159595489502
대왕암공원,울산 동구 등대로 95,나는야 Judy,대왕암 너무 좋아요~~~ 여긴 꼭 가보세요~~~출렁다리도 건너보고 바다보며 걸으면 힐링 제대로 할수 있어요~~~,대왕암 너무 좋아요 여긴 꼭 가보세요출렁다리도 건너보고 바다보며 걸으면 힐링 제대로 할수 있어요,"['대왕암', '좋다', '다리', '건너', '보고', '바다', '힐링', '제대로', '있다']",Positive,0.9724439978599548
대왕암공원,울산 동구 등대로 95,qoj****,좋아요,좋아요,['좋다'],Positive,0.9396566152572632
대왕암공원,울산 동구 등대로 95,dain78,굿,굿,[],Positive,0.9277362823486328
대왕암공원,울산 동구 등대로 95,Daniel Mook,걷기도 좋고 정비도 잘 되어있고 좋아요 ^^,걷기도 좋고 정비도 잘 되어있고 좋아요,"['걷기', '좋다', '정비', '좋다']",Positive,0.969832718372345
대왕암공원,울산 동구 등대로 95,가느다란 무당벌래,산책하기도 좋고 바다도이쁘고,산책하기도 좋고 바다도이쁘고,"['산책', '좋다', '바다', '이쁘다']",Positive,0.9645928740501404
대왕암공원,울산 동구 등대로 95,72hohohaha,뷰가 멋지다,뷰가 멋지다,['멋지다'],Positive,0.9689784049987793
대왕암공원,울산 동구 등대로 95,하하하3728,너무 좋아요~~ 해질때쯤 갔더니 정말 멋있네요.,너무 좋아요 해질때쯤 갔더니 정말 멋있네요.,"['좋다', '정말', '멋있다']",Positive,0.9749680161476135
대왕암공원,울산 동구 등대로 95,sea****,굿~~,굿,[],Positive,0.9277362823486328
대왕암공원,울산 동구 등대로 95,dasujin,공원주차장 장소도 크고 너무 조아요,공원주차장 장소도 크고 너무 조아요,"['공원', '주차장', '장소', '좋다']",Positive,0.9742549657821655
대왕암공원,울산 동구 등대로 95,서풀잎,입장료없지만 주차는 유료,입장료없지만 주차는 유료,"['입장료', '없다', '주차', '유료']",Positive,0.6653317809104919
대왕암공원,울산 동구 등대로 95,miran8842,주차 편해요,주차 편해요,"['주차', '편하다']",Positive,0.9626331925392151
대왕암공원,울산 동구 등대로 95,tjs****,뷰가 좋고 산책하기 좋습니다.,뷰가 좋고 산책하기 좋습니다.,"['좋다', '산책', '좋다']",Positive,0.9665374755859375
대왕암공원,울산 동구 등대로 95,이선민9,좋아요,좋아요,['좋다'],Positive,0.9396566152572632
대왕암공원,울산 동구 등대로 95,배건란,좋아요,좋아요,['좋다'],Positive,0.9396566152572632
대왕암공원,울산 동구 등대로 95,buona giornata93,바람이 많이 불어서 추웠지만 산책하기 좋은 장소예요,바람이 많이 불어서 추웠지만 산책하기 좋은 장소예요,"['바람', '불어', '춥다', '산책', '좋다', '장소']",Positive,0.9673271775245667
대왕암공원,울산 동구 등대로 95,해피하게살자9,너무예쁜바다,너무예쁜바다,"['예쁘다', '바다']",Positive,0.9738199710845947
대왕암공원,울산 동구 등대로 95,하스타,어머니가 한번 가자고 하셔서 갔는데 정말 좋았어요. 꽃무릇도 예뻤고 특히 바다 색감이 진짜 절경이었습니다. 바닷바람 맞으며 걷다 오니 마음도 평안해지고 행복했네요🥰,어머니가 한번 가자고 하셔서 갔는데 정말 좋았어요. 꽃무릇도 예뻤고 특히 바다 색감이 진짜 절경이었습니다. 바닷바람 맞으며 걷다 오니 마음도 평안해지고 행복했네요,"['어머니', '한번', '정말', '좋다', '꽃무릇', '예쁘다', '바다', '색감', '진짜', '절경', '바람', '오니', '마음', '평안하다', '행복하다']",Positive,0.9743821620941162
대왕암공원,울산 동구 등대로 95,나나387,굿,굿,[],Positive,0.9277362823486328
대왕암공원,울산 동구 등대로 95,슬픈 너구리,칭구들과 대왕암,칭구들과 대왕암,"['칭구들', '대왕암']",Positive,0.5733999013900757
대왕암공원,울산 동구 등대로 95,지구마불사냥꾼,구경 잘 했습니다!,구경 잘 했습니다!,['구경'],Negative,0.8011590838432312
대왕암공원,울산 동구 등대로 95,안녕하세염16,산책길이 잘되여서 좋았어요,산책길이 잘되여서 좋았어요,"['산책길', '좋다']",Positive,0.9718964099884033
대왕암공원,울산 동구 등대로 95,루시아112,굿,굿,[],Positive,0.9277362823486328
대왕암공원,울산 동구 등대로 95,ros****,굿굿굿!,굿굿굿!,['굿굿굿'],Positive,0.9648895859718323
대왕암공원,울산 동구 등대로 95,Bonnieahn,주차도 아주 편하고 좋아요대왕암 공원 안심하고 구경했어요,주차도 아주 편하고 좋아요대왕암 공원 안심하고 구경했어요,"['주차', '아주', '편하다', '좋다', '대왕암', '공원', '안심', '구경']",Positive,0.9736499786376953
대왕암공원,울산 동구 등대로 95,007****,좋아요,좋아요,['좋다'],Positive,0.9396566152572632
대왕암공원,울산 동구 등대로 95,라온제나O,굿,굿,[],Positive,0.9277362823486328
대왕암공원,울산 동구 등대로 95,발랄제이,부부의 날 전날가족과 비오는 우중 카라반으로푹 쉬고 왔습니다.세식구 모두 잠을 푹 잤었네요뒷날은 해안도로를 따라 걸으니 설도가 나오고제주 올레길을 걷는듯 했어요.날씨도 선선하니 바람도 적당히 불어주고.캠핑장이 코로나로 인한 휴장이어서더 조용히 쉴우 있었던것 같아요,부부의 날 전날가족과 비오는 우중 카라반으로푹 쉬고 왔습니다.세식구 모두 잠을 푹 잤었네요뒷날은 해안도로를 따라 걸으니 설도가 나오고제주 올레길을 걷는듯 했어요.날씨도 선선하니 바람도 적당히 불어주고.캠핑장이 코로나로 인한 휴장이어서더 조용히 쉴우 있었던것 같아요,"['부부', '전날', '가족', '우중', '카라반', '식구', '모두', '뒷날', '해안', '도로', '제주', '올레길', '날씨', '선선', '바람', '적당하다', '캠핑장', '코로나', '인하다', '휴장', '조용하다', '있다', '같다']",Positive,0.9627432227134705
대왕암공원,울산 동구 등대로 95,keyla7904,자연이 넘 예뻐서 산책하기 좋아요,자연이 넘 예뻐서 산책하기 좋아요,"['자연', '예쁘다', '산책', '좋다']",Positive,0.9711138606071472
대왕암공원,울산 동구 등대로 95,낭군2482,굿,굿,[],Positive,0.9277362823486328
대왕암공원,울산 동구 등대로 95,jom****,깨끗하고 걷기좋아요~~~~다시가보고싶어요~,깨끗하고 걷기좋아요다시가보고싶어요,"['깨끗하다', '걷기', '좋다', '다시']",Positive,0.9749138355255127
대왕암공원,울산 동구 등대로 95,갈매기711,조아요,조아요,['좋다'],Positive,0.9475513100624084
대왕암공원,울산 동구 등대로 95,페가수스248,ㅈㅇ,ㅈㅇ,[],Negative,0.851646900177002
대왕암공원,울산 동구 등대로 95,쪼코짱,주차공간넓고 좋네요,주차공간넓고 좋네요,"['주차공간', '넓다', '좋다']",Positive,0.9665374159812927
대왕암공원,울산 동구 등대로 95,pm****,굳,굳,['굳다'],Positive,0.9499149918556213
대왕암공원,울산 동구 등대로 95,okj****,굿,굿,[],Positive,0.9277362823486328
대왕암공원,울산 동구 등대로 95,크레바스59,산책하기 좋은 공원입니다,산책하기 좋은 공원입니다,"['산책', '좋다', '공원', '이다']",Positive,0.9708796739578247
대왕암공원,울산 동구 등대로 95,이브맘,굿,굿,[],Positive,0.9277362823486328
대왕암공원,울산 동구 등대로 95,kmk****,굿,굿,[],Positive,0.9277362823486328
대왕암공원,울산 동구 등대로 95,별명그깟,👍,,[],Neutral,0.0
대왕암공원,울산 동구 등대로 95,감사5878,굿,굿,[],Positive,0.9277362823486328
대왕암공원,울산 동구 등대로 95,썬2226,출렁다리 대왕암 볼것많아요,출렁다리 대왕암 볼것많아요,"['다리', '대왕암', '많다']",Positive,0.9644428491592407
대왕암공원,울산 동구 등대로 95,프리지아212,주말이라주차가복잡했음,주말이라주차가복잡했음,"['주말', '주차', '복잡하다']",Negative,0.9177300333976746
대왕암공원,울산 동구 등대로 95,orangetv,출렁다리 멋져요,출렁다리 멋져요,"['다리', '멋지다']",Positive,0.9681614637374878
대왕암공원,울산 동구 등대로 95,MJ카케어,주차장,주차장,['주차장'],Negative,0.6755028367042542
대왕암공원,울산 동구 등대로 95,SimonShin,너무 좋네요~,너무 좋네요,['좋다'],Positive,0.9723003506660461
대왕암공원,울산 동구 등대로 95,tin****,잘보고왔어요,잘보고왔어요,[],Positive,0.9727421402931213
대왕암공원,울산 동구 등대로 95,산이1059,좋아요,좋아요,['좋다'],Positive,0.9396566152572632
대왕암공원,울산 동구 등대로 95,산들바람 같이,좋아요,좋아요,['좋다'],Positive,0.9396566152572632
대왕암공원,울산 동구 등대로 95,율의 탕진잼,"멋지고 좋아요🤨(흔들다리는 한방향으로만 갈 수 있는데 건넌 후 대왕암까지는 쫌 걸어야돼요. 흔들다리를 이용 안하면 좀 더 가까운 길로 대왕암까지 빨리 갈 수도 있고요. 더운 날에 가면 땀 한바가지 흘릴 수 있다능, 난 그랬다능:D)","멋지고 좋아요흔들다리는 한방향으로만 갈 수 있는데 건넌 후 대왕암까지는 쫌 걸어야돼요. 흔들다리를 이용 안하면 좀 더 가까운 길로 대왕암까지 빨리 갈 수도 있고요. 더운 날에 가면 땀 한바가지 흘릴 수 있다능, 난 그랬다능D","['멋지다', '좋다', '방향', '있다', '대왕암', '다리', '이용', '가깝다', '대왕암', '수도', '있다', '덥다', '가면', '바가지', '있다', '그렇다']",Positive,0.9536815881729126
대왕암공원,울산 동구 등대로 95,ses****,굿,굿,[],Positive,0.9277362823486328
대왕암공원,울산 동구 등대로 95,방율리,좋아요,좋아요,['좋다'],Positive,0.9396566152572632
대왕암공원,울산 동구 등대로 95,상즉인 인즉상,굿,굿,[],Positive,0.9277362823486328
대왕암공원,울산 동구 등대로 95,트루리36,좋아요,좋아요,['좋다'],Positive,0.9396566152572632
대왕암공원,울산 동구 등대로 95,멍멍방방,좋아요,좋아요,['좋다'],Positive,0.9396566152572632
대왕암공원,울산 동구 등대로 95,Kj3490,좋아요,좋아요,['좋다'],Positive,0.9396566152572632
대왕암공원,울산 동구 등대로 95,행방불명31,주차비 엄청 싸요,주차비 엄청 싸요,['차비'],Positive,0.9466781616210938
대왕암공원,울산 동구 등대로 95,주바라기4484,좋아요,좋아요,['좋다'],Positive,0.9396566152572632
대왕암공원,울산 동구 등대로 95,꽃미남67,주차장이용,주차장이용,"['주차장', '이용']",Negative,0.7949959635734558
대왕암공원,울산 동구 등대로 95,바랑랑,차가 많아 주차가 힘들었어요,차가 많아 주차가 힘들었어요,"['차갑다', '많다', '주차', '힘들다']",Negative,0.8670579791069031
대왕암공원,울산 동구 등대로 95,hyun76sim,조아요,조아요,['좋다'],Positive,0.9475513100624084
대왕암공원,울산 동구 등대로 95,par****,굿,굿,[],Positive,0.9277362823486328
대왕암공원,울산 동구 등대로 95,카페러버까비,👍,,[],Neutral,0.0
대왕암공원,울산 동구 등대로 95,리봉이8,좋아요!! 가족모두 가기좋은곳입니다,좋아요!! 가족모두 가기좋은곳입니다,"['좋다', '가족', '모두', '가기', '좋다', '이다']",Positive,0.9744762182235718
대왕암공원,울산 동구 등대로 95,알콩달콩9541,좋아요,좋아요,['좋다'],Positive,0.9396566152572632
대왕암공원,울산 동구 등대로 95,xrv8205,좋아요,좋아요,['좋다'],Positive,0.9396566152572632
대왕암공원,울산 동구 등대로 95,마룬61,굳,굳,['굳다'],Positive,0.9499149918556213
대왕암공원,울산 동구 등대로 95,Feeling89,굿,굿,[],Positive,0.9277362823486328
대왕암공원,울산 동구 등대로 95,뚤레,좋아요,좋아요,['좋다'],Positive,0.9396566152572632
대왕암공원,울산 동구 등대로 95,SUNGWONB,Good,Good,[],Positive,0.9330235719680786
대왕암공원,울산 동구 등대로 95,소박한민들레,걷기 좋은 장소. 경관도 좋은데 출렁다리도 생겨서 너무좋았어요,걷기 좋은 장소. 경관도 좋은데 출렁다리도 생겨서 너무좋았어요,"['걷기', '좋다', '장소', '경관', '좋다', '다리', '좋다']",Positive,0.9745765328407288
대왕암공원,울산 동구 등대로 95,슈여름,좋어요,좋어요,['좋다'],Positive,0.9674270153045654
대왕암공원,울산 동구 등대로 95,pm****,굳,굳,['굳다'],Positive,0.9499149918556213
대왕암공원,울산 동구 등대로 95,재은351,좋아요,좋아요,['좋다'],Positive,0.9396566152572632
대왕암공원,울산 동구 등대로 95,cyj****,좋아요,좋아요,['좋다'],Positive,0.9396566152572632
대왕암공원,울산 동구 등대로 95,땅콩빵 앙금빵,조향요,조향요,[],Positive,0.790523886680603
대왕암공원,울산 동구 등대로 95,초코미투원,^^,,[],Neutral,0.0
대왕암공원,울산 동구 등대로 95,랑듀아,좋아용,좋아용,['좋다'],Positive,0.9715167284011841
대왕암공원,울산 동구 등대로 95,luv****,👍,,[],Neutral,0.0
대왕암공원,울산 동구 등대로 95,김정은1135,굳,굳,['굳다'],Positive,0.9499149918556213
대왕암공원,울산 동구 등대로 95,lov****,좋아요,좋아요,['좋다'],Positive,0.9396566152572632
대왕암공원,울산 동구 등대로 95,쫀서비,좋아요,좋아요,['좋다'],Positive,0.9396566152572632
대왕암공원,울산 동구 등대로 95,ds6843,굿,굿,[],Positive,0.9277362823486328
대왕암공원,울산 동구 등대로 95,좋은하루가될거야,~,,[],Neutral,0.0
대왕암공원,울산 동구 등대로 95,nar****,굿,굿,[],Positive,0.9277362823486328
대왕암공원,울산 동구 등대로 95,msm****,또놀러올게요!,또놀러올게요!,[],Positive,0.9428989291191101
대왕암공원,울산 동구 등대로 95,투혼98,굿,굿,[],Positive,0.9277362823486328
대왕암공원,울산 동구 등대로 95,Y8O8U8,완전대박,완전대박,"['완전', '대박']",Positive,0.963668704032898
대왕암공원,울산 동구 등대로 95,났,좋아요,좋아요,['좋다'],Positive,0.9396566152572632
대왕암공원,울산 동구 등대로 95,lee****,좋아요,좋아요,['좋다'],Positive,0.9396566152572632
대왕암공원,울산 동구 등대로 95,myyks1220,좋아요.,좋아요.,['좋다'],Positive,0.9603385329246521
대왕암공원,울산 동구 등대로 95,깜찍이7149,대왕암 출렁다리를부모님 모시고 남편이랑다녀왔어요,대왕암 출렁다리를부모님 모시고 남편이랑다녀왔어요,"['대왕암', '다리', '부모님', '모시', '남편']",Positive,0.9561161994934082
대왕암공원,울산 동구 등대로 95,규도마미,좋아요좋아요,좋아요좋아요,"['좋다', '좋다']",Positive,0.9617840051651001
대왕암공원,울산 동구 등대로 95,미쫌,굳,굳,['굳다'],Positive,0.9499149918556213
대왕암공원,울산 동구 등대로 95,필승국면,예뻐요,예뻐요,['예쁘다'],Positive,0.9711402058601379
대왕암공원,울산 동구 등대로 95,can****,굿,굿,[],Positive,0.9277362823486328
대왕암공원,울산 동구 등대로 95,이뿐여성,.,.,[],Negative,0.6441146731376648
대왕암공원,울산 동구 등대로 95,가을하늘6819,조아요조아요,조아요조아요,['요조'],Positive,0.9719655513763428
대왕암공원,울산 동구 등대로 95,loo****,굿,굿,[],Positive,0.9277362823486328
대왕암공원,울산 동구 등대로 95,꽃님이924,주변경치및 출렁다리 관광 좋아요,주변경치및 출렁다리 관광 좋아요,"['주변', '경치', '다리', '관광', '좋다']",Positive,0.9662101864814758
대왕암공원,울산 동구 등대로 95,뚱앤뚱스,멋져요!,멋져요!,['멋지다'],Positive,0.9707241654396057
대왕암공원,울산 동구 등대로 95,joj****,굿,굿,[],Positive,0.9277362823486328
대왕암공원,울산 동구 등대로 95,블로거bokkihada,좋은 공원,좋은 공원,"['좋다', '공원']",Positive,0.9467281699180603
대왕암공원,울산 동구 등대로 95,lee****,저렴하고 친절해요,저렴하고 친절해요,"['저렴하다', '친절하다']",Positive,0.9074267745018005
대왕암공원,울산 동구 등대로 95,말달리자93,편해요,편해요,['편하다'],Positive,0.9282492399215698
대왕암공원,울산 동구 등대로 95,kyi****,좋아요,좋아요,['좋다'],Positive,0.9396566152572632
대왕암공원,울산 동구 등대로 95,삼성라이온즈51,좋아요,좋아요,['좋다'],Positive,0.9396566152572632
대왕암공원,울산 동구 등대로 95,whiteblack81,굿,굿,[],Positive,0.9277362823486328
대왕암공원,울산 동구 등대로 95,tnb****,굳,굳,['굳다'],Positive,0.9499149918556213
대왕암공원,울산 동구 등대로 95,vis****,굿,굿,[],Positive,0.9277362823486328
대왕암공원,울산 동구 등대로 95,usy****,흔들다리 재밌었어요,흔들다리 재밌었어요,['재밌다'],Positive,0.9729167819023132
대왕암공원,울산 동구 등대로 95,tkddb30,좋아요,좋아요,['좋다'],Positive,0.9396566152572632
대왕암공원,울산 동구 등대로 95,호빵9350,좋아요,좋아요,['좋다'],Positive,0.9396566152572632
대왕암공원,울산 동구 등대로 95,bon****,출렁다리 너무 멋져요,출렁다리 너무 멋져요,"['다리', '멋지다']",Positive,0.9720876216888428
대왕암공원,울산 동구 등대로 95,ab7****,좋아요,좋아요,['좋다'],Positive,0.9396566152572632
대왕암공원,울산 동구 등대로 95,106동사는이,.,.,[],Negative,0.6441146731376648
대왕암공원,울산 동구 등대로 95,꽃머슴가족,힐링,힐링,['힐링'],Positive,0.9382112622261047
대왕암공원,울산 동구 등대로 95,야단법석29,너무 좋네요~,너무 좋네요,['좋다'],Positive,0.9723003506660461
대왕암공원,울산 동구 등대로 95,언쩍,굿,굿,[],Positive,0.9277362823486328
대왕암공원,울산 동구 등대로 95,yur****,굿,굿,[],Positive,0.9277362823486328
대왕암공원,울산 동구 등대로 95,시나브로327,좋아요~,좋아요,['좋다'],Positive,0.9396566152572632
대왕암공원,울산 동구 등대로 95,juh****,굿,굿,[],Positive,0.9277362823486328
대왕암공원,울산 동구 등대로 95,Pretty바다,굿,굿,[],Positive,0.9277362823486328
대왕암공원,울산 동구 등대로 95,프라이드47,대왕암 주차빌딩이에요 3층에 주차하면 공원과 바로 연결이 되요,대왕암 주차빌딩이에요 3층에 주차하면 공원과 바로 연결이 되요,"['대왕암', '주차', '빌딩', '주차', '공원', '바로', '연결']",Positive,0.9284279942512512
대왕암공원,울산 동구 등대로 95,달동피플,젛아요,젛아요,['젛아'],Positive,0.9715352058410645
대왕암공원,울산 동구 등대로 95,ivy****,좋아요,좋아요,['좋다'],Positive,0.9396566152572632
대왕암공원,울산 동구 등대로 95,쭈삼맘45,굿,굿,[],Positive,0.9277362823486328
대왕암공원,울산 동구 등대로 95,까만별18,용놀이터 아이들 놀기 좋고 산책코스로 좋아서 가끔 와요.,용놀이터 아이들 놀기 좋고 산책코스로 좋아서 가끔 와요.,"['놀이터', '아이', '좋다', '산책', '코스', '좋다', '가끔']",Positive,0.9529014825820923
대왕암공원,울산 동구 등대로 95,신정인,좋아요,좋아요,['좋다'],Positive,0.9396566152572632
대왕암공원,울산 동구 등대로 95,뽀잉3931,깨끗하고 넓어요,깨끗하고 넓어요,"['깨끗하다', '넓다']",Positive,0.9646984934806824
대왕암공원,울산 동구 등대로 95,yyk****,굿,굿,[],Positive,0.9277362823486328
대왕암공원,울산 동구 등대로 95,happy2187,좋아요,좋아요,['좋다'],Positive,0.9396566152572632
대왕암공원,울산 동구 등대로 95,예삐8717,좋아요,좋아요,['좋다'],Positive,0.9396566152572632
대왕암공원,울산 동구 등대로 95,ehr****,멋지게 산책로를 만들어 놓았어요강추입니다!,멋지게 산책로를 만들어 놓았어요강추입니다!,"['멋지다', '산책로', '요강', '이다']",Positive,0.973894476890564
대왕암공원,울산 동구 등대로 95,소피아8420,좋아요,좋아요,['좋다'],Positive,0.9396566152572632
대왕암공원,울산 동구 등대로 95,앙잉엥옹,굿,굿,[],Positive,0.9277362823486328
대왕암공원,울산 동구 등대로 95,애정834,많이 달지 않아 맛있어요,많이 달지 않아 맛있어요,['맛있다'],Positive,0.9635487198829651
대왕암공원,울산 동구 등대로 95,준맘지빵이,마그네틱구매했어요!,마그네틱구매했어요!,"['그네', '구매']",Positive,0.9640592336654663
대왕암공원,울산 동구 등대로 95,spdlftjdrhd1,좋아요 ~,좋아요,['좋다'],Positive,0.9396566152572632
대왕암공원,울산 동구 등대로 95,Agreeagree,너무 멋졌어요,너무 멋졌어요,['멋지다'],Positive,0.9743077754974365
대왕암공원,울산 동구 등대로 95,슬픈여우88,좋아요,좋아요,['좋다'],Positive,0.9396566152572632
대왕암공원,울산 동구 등대로 95,노란국화56,멋진곳이예요,멋진곳이예요,['멋지다'],Positive,0.9735295176506042
대왕암공원,울산 동구 등대로 95,강쥐25,좋습니다ㅎㅎ,좋습니다ㅎㅎ,['좋다'],Positive,0.9723228216171265
대왕암공원,울산 동구 등대로 95,net****,굿,굿,[],Positive,0.9277362823486328
대왕암공원,울산 동구 등대로 95,Yoon523,작년가을 회사에서 단체로 처음오고 또 방문해요 ~넘 좋아요,작년가을 회사에서 단체로 처음오고 또 방문해요 넘 좋아요,"['작년', '가을', '회사', '단체', '처음', '방문', '좋다']",Positive,0.9723650813102722
대왕암공원,울산 동구 등대로 95,행운녀,"주차비 받아,ㅠ","주차비 받아,ㅠ",['차비'],Negative,0.919571578502655
대왕암공원,울산 동구 등대로 95,Kio48,좋아요,좋아요,['좋다'],Positive,0.9396566152572632
대왕암공원,울산 동구 등대로 95,myz****,너무 이쁜곳입니다~ 강추~,너무 이쁜곳입니다 강추,"['이쁘다', '이다', '강추']",Positive,0.9727228283882141
대왕암공원,울산 동구 등대로 95,제정신은건강에해롭다,.,.,[],Negative,0.6441146731376648
대왕암공원,울산 동구 등대로 95,쪼메난이쁘니98,😀😀😀,,[],Neutral,0.0
대왕암공원,울산 동구 등대로 95,cha****,찐,찐,[],Positive,0.8903848528862
대왕암공원,울산 동구 등대로 95,kmk****,굿,굿,[],Positive,0.9277362823486328
대왕암공원,울산 동구 등대로 95,삐딱숑숑,좋아요,좋아요,['좋다'],Positive,0.9396566152572632
대왕암공원,울산 동구 등대로 95,wjd****,ㅎㅎ,ㅎㅎ,[],Positive,0.9530797004699707
대왕암공원,울산 동구 등대로 95,겸딩이87,진짜 너~~~~무 좋았어요!!!!!!!!,진짜 너무 좋았어요!!!!!!!!,"['진짜', '좋다']",Positive,0.9733601808547974
대왕암공원,울산 동구 등대로 95,가드니아46,굿,굿,[],Positive,0.9277362823486328
대왕암공원,울산 동구 등대로 95,sjm****,최고,최고,['최고'],Positive,0.963428795337677
대왕암공원,울산 동구 등대로 95,LovelyJK0815,산책하기 아주 좋아요~~경치도 굿!,산책하기 아주 좋아요경치도 굿!,"['산책', '아주', '좋다', '경치']",Positive,0.9734965562820435
대왕암공원,울산 동구 등대로 95,njs****,좋아용,좋아용,['좋다'],Positive,0.9715167284011841
대왕암공원,울산 동구 등대로 95,jan****,넘좋네요바다가넘좋아요다음에도한번오보고싶네요,넘좋네요바다가넘좋아요다음에도한번오보고싶네요,"['좋다', '바다', '좋다', '다음', '한번', '보고']",Positive,0.9746798872947693
대왕암공원,울산 동구 등대로 95,ni****,경치 굿,경치 굿,['경치'],Positive,0.9521347284317017
대왕암공원,울산 동구 등대로 95,iy1985,가볼만합니다,가볼만합니다,[],Positive,0.9699727892875671
대왕암공원,울산 동구 등대로 95,minimini4994,😊👍👍,,[],Neutral,0.0
대왕암공원,울산 동구 등대로 95,박경자5058,ㅎ아요,ㅎ아요,[],Positive,0.9585444927215576
대왕암공원,울산 동구 등대로 95,하림닭쓰,선선한 바람도 불구 걷기 좋아요군데군데 바위 위에 앉아있는귀여운 냥이도 볼 수 있음 굿,선선한 바람도 불구 걷기 좋아요군데군데 바위 위에 앉아있는귀여운 냥이도 볼 수 있음 굿,"['선선', '바람', '불구', '걷기', '좋다', '군데군데', '바위', '귀엽다', '있다']",Positive,0.9726114869117737
대왕암공원,울산 동구 등대로 95,Chloe4135,아이와 다니는 곳마다 마그넷과 뱃지를 구입하는편인데 여기도 있네요! 기념품 이쁘고 귀여운게 많았어요! 대왕암공원도 너무 좋았는데 기념할수있게 굿즈도 있어 더 좋으네요~ 다음번 재 방문할때도 귀여운 뱃지를 하나 더 살까합니다,아이와 다니는 곳마다 마그넷과 뱃지를 구입하는편인데 여기도 있네요! 기념품 이쁘고 귀여운게 많았어요! 대왕암공원도 너무 좋았는데 기념할수있게 굿즈도 있어 더 좋으네요 다음번 재 방문할때도 귀여운 뱃지를 하나 더 살까합니다,"['아이', '마그넷', '뱃지', '구입', '여기', '있다', '기념품', '이쁘다', '귀엽다', '많다', '대왕암', '공원', '좋다', '기념', '있다', '좋다', '다음', '방문', '귀엽다', '뱃지', '하나']",Positive,0.9720191359519958
대왕암공원,울산 동구 등대로 95,흑수돌5983,좋아요,좋아요,['좋다'],Positive,0.9396566152572632
대왕암공원,울산 동구 등대로 95,박살공주29,친절해요,친절해요,['친절하다'],Positive,0.9661136269569397
대왕암공원,울산 동구 등대로 95,버디 상우,굿,굿,[],Positive,0.9277362823486328
대왕암공원,울산 동구 등대로 95,the****,굿,굿,[],Positive,0.9277362823486328
대왕암공원,울산 동구 등대로 95,b41****,만족합니다,만족합니다,['만족하다'],Positive,0.9711010456085205
대왕암공원,울산 동구 등대로 95,치히로3659,:),,[],Neutral,0.0
대왕암공원,울산 동구 등대로 95,sar****,좋아요,좋아요,['좋다'],Positive,0.9396566152572632
대왕암공원,울산 동구 등대로 95,2다니2,ㅡ,ㅡ,[],Negative,0.8100403547286987
대왕암공원,울산 동구 등대로 95,잡초6,굿,굿,[],Positive,0.9277362823486328
대왕암공원,울산 동구 등대로 95,박경자5058,멋져부려,멋져부려,['멋지다'],Positive,0.968388020992279
대왕암공원,울산 동구 등대로 95,미니마미145,굿,굿,[],Positive,0.9277362823486328
대왕암공원,울산 동구 등대로 95,hyk****,대앙왐다녀와서 gs가서 시원하게 커피한잔,대앙왐다녀와서 gs가서 시원하게 커피한잔,"['앙왐', '시원하다', '커피한잔']",Positive,0.6467703580856323
대왕암공원,울산 동구 등대로 95,쏠라58,굿,굿,[],Positive,0.9277362823486328
대왕암공원,울산 동구 등대로 95,xsu****,굳,굳,['굳다'],Positive,0.9499149918556213
대왕암공원,울산 동구 등대로 95,smile4542,굿,굿,[],Positive,0.9277362823486328
대왕암공원,울산 동구 등대로 95,jaya08,만차,만차,[],Positive,0.8209883570671082
대왕암공원,울산 동구 등대로 95,ihs8441,좋아요,좋아요,['좋다'],Positive,0.9396566152572632
대왕암공원,울산 동구 등대로 95,gks****,내고향 관광하기,내고향 관광하기,"['고향', '관광']",Negative,0.6955851316452026
대왕암공원,울산 동구 등대로 95,팝콘6432,좋아요,좋아요,['좋다'],Positive,0.9396566152572632
대왕암공원,울산 동구 등대로 95,kwa****,좋아요,좋아요,['좋다'],Positive,0.9396566152572632
대왕암공원,울산 동구 등대로 95,이쁜맘2811,좋네요,좋네요,['좋다'],Positive,0.9678078293800354
대왕암공원,울산 동구 등대로 95,토실,경치좋음,경치좋음,"['경치', '좋다']",Positive,0.8963421583175659
대왕암공원,울산 동구 등대로 95,dla****,좋아요,좋아요,['좋다'],Positive,0.9396566152572632
대왕암공원,울산 동구 등대로 95,bac****,짱,짱,[],Positive,0.8896031379699707
대왕암공원,울산 동구 등대로 95,뿌리꽃,너무좋아요,너무좋아요,['좋다'],Positive,0.9734622836112976
대왕암공원,울산 동구 등대로 95,우니사랑13,잘보고가용 ㅎㅎ,잘보고가용 ㅎㅎ,[],Positive,0.9698562622070312
대왕암공원,울산 동구 등대로 95,여니방울,굿,굿,[],Positive,0.9277362823486328
대왕암공원,울산 동구 등대로 95,suh****,대왕암 공원 입구에 샵입니다,대왕암 공원 입구에 샵입니다,"['대왕암', '공원', '입구', '이다']",Negative,0.66240394115448
대왕암공원,울산 동구 등대로 95,yun****,좋아요,좋아요,['좋다'],Positive,0.9396566152572632
대왕암공원,울산 동구 등대로 95,jgfign,굿,굿,[],Positive,0.9277362823486328
대왕암공원,울산 동구 등대로 95,mjp****,좋아요,좋아요,['좋다'],Positive,0.9396566152572632
대왕암공원,울산 동구 등대로 95,이은뚱,좋아요,좋아요,['좋다'],Positive,0.9396566152572632
대왕암공원,울산 동구 등대로 95,도리가방,👍👍,,[],Neutral,0.0
대왕암공원,울산 동구 등대로 95,옥이네96,좋아요,좋아요,['좋다'],Positive,0.9396566152572632
대왕암공원,울산 동구 등대로 95,lee****,굿,굿,[],Positive,0.9277362823486328
대왕암공원,울산 동구 등대로 95,win9916,좋아요자주이용햐요굿,좋아요자주이용햐요굿,"['좋다', '자주', '이용']",Positive,0.9726870656013489
대왕암공원,울산 동구 등대로 95,dnjsdud7683,시원하고 좋아용,시원하고 좋아용,"['시원하다', '좋다']",Positive,0.9717867374420166
대왕암공원,울산 동구 등대로 95,꿈을향해2043,경치  넘 좋아요 그곳  커피 맛나게  먹을수  있는곳도 많고  굿굿,경치 넘 좋아요 그곳 커피 맛나게 먹을수 있는곳도 많고 굿굿,"['경치', '좋다', '커피', '있다', '곳도', '많다', '굿굿']",Positive,0.9727815985679626
대왕암공원,울산 동구 등대로 95,den****,굿,굿,[],Positive,0.9277362823486328
대왕암공원,울산 동구 등대로 95,ksh****,좋아요 😀 👍 😀 👍 😀 👍 😀 👍 😀 👍 😀 👍 😀 👍 😀 👍 😀 👍,좋아요,['좋다'],Positive,0.9396566152572632
대왕암공원,울산 동구 등대로 95,외계인228,언제나 굿,언제나 굿,[],Positive,0.9691848754882812
대왕암공원,울산 동구 등대로 95,ju****,조아요..ㅎㅎ 조아요 ㅎㅎ,조아요..ㅎㅎ 조아요 ㅎㅎ,"['좋다', '좋다']",Positive,0.9685778617858887
대왕암공원,울산 동구 등대로 95,dk621,굿,굿,[],Positive,0.9277362823486328
대왕암공원,울산 동구 등대로 95,ksh****,좋아요 😀 👍 😀 👍,좋아요,['좋다'],Positive,0.9396566152572632
대왕암공원,울산 동구 등대로 95,크롤크롤,"날씨도 좋고, 기분도 좋고 아무튼 이래저래 좋았습니다 킼키","날씨도 좋고, 기분도 좋고 아무튼 이래저래 좋았습니다 킼키","['날씨', '좋다', '기분', '좋다', '좋다', '킼키']",Positive,0.9625198841094971
대왕암공원,울산 동구 등대로 95,뇨뇨83,굳굳,굳굳,"['굳다', '굳다']",Positive,0.9549155235290527
대왕암공원,울산 동구 등대로 95,안정란,좋아요,좋아요,['좋다'],Positive,0.9396566152572632
대왕암공원,울산 동구 등대로 95,btk****,굿,굿,[],Positive,0.9277362823486328
대왕암공원,울산 동구 등대로 95,영쮸82,굿,굿,[],Positive,0.9277362823486328
대왕암공원,울산 동구 등대로 95,soomoda,예뻐요,예뻐요,['예쁘다'],Positive,0.9711402058601379
대왕암공원,울산 동구 등대로 95,JEon ok nam,좋아요,좋아요,['좋다'],Positive,0.9396566152572632
대왕암공원,울산 동구 등대로 95,ibk****,좋아요,좋아요,['좋다'],Positive,0.9396566152572632
대왕암공원,울산 동구 등대로 95,얀38,굿,굿,[],Positive,0.9277362823486328
대왕암공원,울산 동구 등대로 95,kim****,좋아요,좋아요,['좋다'],Positive,0.9396566152572632
